{
  "user_id": "prm_user_0",
  "user_type": "PRM",
  "profile": "premium_light",
  "requests_sent": 55,
  "requests_succeeded": 55,
  "requests_failed": 0,
  "requests_rate_limited": 0,
  "response_times": [
    0.4379715919494629,
    0.09245634078979492,
    0.007997989654541016,
    0.006506681442260742,
    1.1801948547363281,
    0.01642918586730957,
    0.998640775680542,
    0.002997875213623047,
    0.00762176513671875,
    0.006005525588989258,
    0.277315616607666,
    0.2763099670410156,
    0.2773118019104004,
    0.2773118019104004,
    0.27831101417541504,
    0.27931666374206543,
    0.003304719924926758,
    0.008002996444702148,
    0.014092445373535156,
    0.01708698272705078,
    0.01708698272705078,
    0.018087148666381836,
    0.018091440200805664,
    0.0033812522888183594,
    0.00700688362121582,
    0.0189208984375,
    0.02191615104675293,
    0.02191615104675293,
    0.02291584014892578,
    0.02291584014892578,
    0.023917675018310547,
    0.026914358139038086,
    0.023651838302612305,
    0.024661779403686523,
    0.025661706924438477,
    0.025661706924438477,
    0.02666187286376953,
    0.02666187286376953,
    0.027668476104736328,
    0.02866673469543457,
    0.015002250671386719,
    0.032536983489990234,
    0.032536983489990234,
    0.03253340721130371,
    0.03354144096374512,
    0.03453803062438965,
    0.03354001045227051,
    0.03453779220581055,
    0.03653693199157715,
    0.03653693199157715,
    0.004136085510253906,
    0.0039937496185302734,
    0.0034995079040527344,
    0.004212617874145508,
    0.0030002593994140625
  ],
  "endpoints": {
    "ping": 16,
    "resources": 38,
    "rate-limit-status": 1
  },
  "anomalous": false
}