{
  "user_id": "prm_user_1",
  "user_type": "PRM",
  "profile": "premium_light",
  "requests_sent": 49,
  "requests_succeeded": 46,
  "requests_failed": 0,
  "requests_rate_limited": 3,
  "response_times": [
    0.12342071533203125,
    0.00954437255859375,
    0.10554218292236328,
    0.004256725311279297,
    0.030926227569580078,
    0.03711676597595215,
    0.03711676597595215,
    0.03832101821899414,
    0.03706240653991699,
    0.03937125205993652,
    0.038112640380859375,
    0.03911471366882324,
    0.04137372970581055,
    0.10687255859375,
    0.004021883010864258,
    0.008033990859985352,
    0.003527402877807617,
    0.011383533477783203,
    0.007994651794433594,
    0.11180591583251953,
    0.004977703094482422,
    0.016443729400634766,
    0.004002809524536133,
    0.10548114776611328,
    0.009003877639770508,
    0.03256058692932129,
    0.005001068115234375,
    0.004515171051025391,
    0.005164623260498047,
    0.004120349884033203,
    0.00415492057800293,
    0.004922628402709961,
    0.007081508636474609,
    0.0050220489501953125,
    0.023935317993164062,
    0.024666786193847656,
    0.025662899017333984,
    0.027674198150634766,
    0.027674198150634766,
    0.02878856658935547,
    0.02878856658935547,
    0.0039942264556884766,
    0.018538951873779297,
    0.019673824310302734,
    0.022138357162475586,
    0.02313828468322754,
    0.0231473445892334,
    0.0231473445892334,
    0.006910800933837891
  ],
  "endpoints": {
    "resources": 35,
    "ping": 13,
    "rate-limit-status": 1
  },
  "anomalous": false
}