{
  "user_id": "prm_user_1",
  "user_type": "PRM",
  "profile": "premium_light",
  "requests_sent": 44,
  "requests_succeeded": 7,
  "requests_failed": 0,
  "requests_rate_limited": 37,
  "response_times": [
    0.2755107879638672,
    0.005391836166381836,
    0.008441686630249023,
    0.004004240036010742,
    0.0031714439392089844,
    0.005995273590087891,
    0.0030624866485595703,
    0.006515979766845703,
    0.003999233245849609,
    0.0029926300048828125,
    0.004000425338745117,
    0.003194093704223633,
    0.004363536834716797,
    0.0034117698669433594,
    0.10408377647399902,
    0.013005971908569336,
    0.01300358772277832,
    0.014001846313476562,
    0.014001846313476562,
    0.0279998779296875,
    0.02800154685974121,
    0.02800154685974121,
    0.02899932861328125,
    0.02899932861328125,
    0.03000330924987793,
    0.006017446517944336,
    0.013729333877563477,
    0.02472543716430664,
    0.025726318359375,
    0.026727914810180664,
    0.027726411819458008,
    0.027726411819458008,
    0.029228687286376953,
    0.004006624221801758,
    0.004006147384643555,
    0.0040035247802734375,
    0.003996610641479492,
    0.003995180130004883,
    0.005996227264404297,
    0.0030977725982666016,
    0.003011941909790039,
    0.011040925979614258,
    0.004003047943115234,
    0.004997968673706055
  ],
  "endpoints": {
    "resources": 35,
    "ping": 9
  },
  "anomalous": false
}