{
  "user_id": "std_user_2",
  "user_type": "STD",
  "profile": "standard_medium",
  "requests_sent": 50,
  "requests_succeeded": 20,
  "requests_failed": 0,
  "requests_rate_limited": 30,
  "response_times": [
    0.06911325454711914,
    0.0040683746337890625,
    0.00423121452331543,
    0.004016399383544922,
    0.0040018558502197266,
    0.004099369049072266,
    0.004002571105957031,
    0.015829801559448242,
    0.003998517990112305,
    0.004200458526611328,
    0.0040531158447265625,
    0.0039975643157958984,
    0.004001140594482422,
    0.0036034584045410156,
    0.00400090217590332,
    0.004000663757324219,
    0.0025734901428222656,
    0.003418445587158203,
    0.0024499893188476562,
    0.012424707412719727,
    0.01781916618347168,
    0.01781916618347168,
    0.01781916618347168,
    0.01781916618347168,
    0.018822431564331055,
    0.01982569694519043,
    0.018822431564331055,
    0.019820690155029297,
    0.019820690155029297,
    0.019820690155029297,
    0.019820690155029297,
    0.005667448043823242,
    0.0031538009643554688,
    0.003998756408691406,
    0.004002809524536133,
    0.003995418548583984,
    0.010099649429321289,
    0.020328044891357422,
    0.020328044891357422,
    0.02434539794921875,
    0.025340557098388672,
    0.02633047103881836,
    0.026340007781982422,
    0.02734065055847168,
    0.02734065055847168,
    0.0040132999420166016,
    0.004358530044555664,
    0.003997325897216797,
    0.003999233245849609,
    0.004000425338745117
  ],
  "endpoints": {
    "resources": 38,
    "ping": 10,
    "rate-limit-status": 2
  },
  "anomalous": false
}