{
  "user_id": "std_user_2",
  "user_type": "STD",
  "profile": "standard_light",
  "requests_sent": 11,
  "requests_succeeded": 11,
  "requests_failed": 0,
  "requests_rate_limited": 0,
  "response_times": [
    0.055409908294677734,
    0.004997730255126953,
    0.0050013065338134766,
    0.005303144454956055,
    0.009293079376220703,
    0.004177570343017578,
    0.005096435546875,
    0.0050237178802490234,
    0.004124641418457031,
    0.00400090217590332,
    0.004984378814697266
  ],
  "endpoints": {
    "ping": 5,
    "resources": 6
  },
  "anomalous": false
}