{
  "user_id": "prm_user_0",
  "user_type": "PRM",
  "profile": "premium_light",
  "requests_sent": 56,
  "requests_succeeded": 56,
  "requests_failed": 0,
  "requests_rate_limited": 0,
  "response_times": [
    1.1779930591583252,
    0.08765745162963867,
    0.029001712799072266,
    0.0351560115814209,
    0.03815579414367676,
    0.03815579414367676,
    0.13854098320007324,
    0.13854098320007324,
    0.1395409107208252,
    1.7137649059295654,
    1.7573328018188477,
    0.2824075222015381,
    1.8144121170043945,
    0.5205943584442139,
    0.3159313201904297,
    1.3277888298034668,
    0.6498746871948242,
    0.4245872497558594,
    2.532571792602539,
    2.3747427463531494,
    1.6624794006347656,
    0.6816716194152832,
    0.1938309669494629,
    0.6883533000946045,
    0.37799906730651855,
    0.6725702285766602,
    0.5188727378845215,
    1.429323434829712,
    1.678070068359375,
    0.5851483345031738,
    1.0383682250976562,
    0.3190453052520752,
    0.5143153667449951,
    0.4274771213531494,
    0.2785940170288086,
    0.2795889377593994,
    0.28058815002441406,
    0.28159403800964355,
    0.28159403800964355,
    0.2825927734375,
    0.28359055519104004,
    0.2895994186401367,
    0.29059267044067383,
    0.23282289505004883,
    0.029000520706176758,
    0.012998819351196289,
    0.07499957084655762,
    0.024997711181640625,
    0.024997711181640625,
    0.025996923446655273,
    0.02699565887451172,
    0.028000593185424805,
    0.028000593185424805,
    0.028000593185424805,
    0.028995275497436523,
    0.028995275497436523
  ],
  "endpoints": {
    "resources": 43,
    "ping": 9,
    "rate-limit-status": 4
  },
  "anomalous": false
}