{
  "user_id": "std_user_1",
  "user_type": "STD",
  "profile": "standard_heavy",
  "requests_sent": 67,
  "requests_succeeded": 11,
  "requests_failed": 0,
  "requests_rate_limited": 56,
  "response_times": [
    0.40979480743408203,
    0.20915937423706055,
    0.207258939743042,
    0.10659217834472656,
    0.3711726665496826,
    0.10494804382324219,
    0.0040018558502197266,
    0.005034446716308594,
    0.003992319107055664,
    0.0040128231048583984,
    0.1045236587524414,
    0.004002571105957031,
    0.0040018558502197266,
    0.004006385803222656,
    0.005995988845825195,
    0.0029993057250976562,
    0.009003877639770508,
    0.00600123405456543,
    0.0042264461517333984,
    0.0029976367950439453,
    0.003998756408691406,
    0.04853558540344238,
    0.0040013790130615234,
    0.013016700744628906,
    0.00400090217590332,
    0.003997325897216797,
    0.004000425338745117,
    0.003997087478637695,
    0.00400233268737793,
    0.0040013790130615234,
    0.006000518798828125,
    0.004002809524536133,
    0.004002809524536133,
    0.00400090217590332,
    0.004000663757324219,
    0.0035178661346435547,
    0.013001441955566406,
    0.025002479553222656,
    0.025002479553222656,
    0.025999784469604492,
    0.027001619338989258,
    0.025998353958129883,
    0.02800130844116211,
    0.02800130844116211,
    0.029005050659179688,
    0.003999948501586914,
    0.011002063751220703,
    0.019002437591552734,
    0.019002437591552734,
    0.03500080108642578,
    0.03500080108642578,
    0.03599977493286133,
    0.037000179290771484,
    0.038001060485839844,
    0.037000179290771484,
    0.038002967834472656,
    0.038002967834472656,
    0.039000511169433594,
    0.039000511169433594,
    0.00400090217590332,
    0.003007173538208008,
    0.00400233268737793,
    0.00400090217590332,
    0.004000663757324219,
    0.00400090217590332,
    0.004003763198852539,
    0.004998445510864258
  ],
  "endpoints": {
    "resources": 57,
    "ping": 8,
    "rate-limit-status": 2
  },
  "anomalous": false
}