{
  "requests_sent": 537,
  "requests_succeeded": 434,
  "requests_failed": 0,
  "requests_rate_limited": 103,
  "response_times": [
    0.347001314163208,
    0.10657095909118652,
    0.9610631465911865,
    0.959064245223999,
    0.959064245223999,
    0.9600605964660645,
    0.9630646705627441,
    0.9620625972747803,
    0.9630639553070068,
    0.9650275707244873,
    0.9650275707244873,
    0.966026782989502,
    0.966026782989502,
    0.10832715034484863,
    1.7192997932434082,
    1.7203006744384766,
    1.7203361988067627,
    1.7183451652526855,
    1.7243359088897705,
    1.72633957862854,
    1.7223351001739502,
    1.7273340225219727,
    1.722334861755371,
    1.7283031940460205,
    1.7303364276885986,
    1.7323381900787354,
    1.7323341369628906,
    1.728332757949829,
    1.7273335456848145,
    0.10624241828918457,
    0.12700939178466797,
    0.2141876220703125,
    0.20969557762145996,
    0.12069058418273926,
    0.11314940452575684,
    0.005964994430541992,
    0.10601186752319336,
    1.033984661102295,
    1.0369904041290283,
    1.040024757385254,
    1.0420212745666504,
    1.0420212745666504,
    1.0430264472961426,
    1.044022798538208,
    1.0450193881988525,
    1.0460200309753418,
    1.0469889640808105,
    1.2581162452697754,
    1.2641525268554688,
    1.268153429031372,
    1.268153429031372,
    1.268153429031372,
    1.2691521644592285,
    1.2701523303985596,
    1.2701523303985596,
    1.2721526622772217,
    1.2711527347564697,
    1.27315354347229,
    1.274155855178833,
    1.4732301235198975,
    1.473228931427002,
    1.4722294807434082,
    1.4743833541870117,
    1.4743833541870117,
    0.004999637603759766,
    1.0624682903289795,
    1.372565746307373,
    1.3730957508087158,
    1.3719191551208496,
    1.3719191551208496,
    1.3724915981292725,
    1.3740260601043701,
    1.3734939098358154,
    1.3766605854034424,
    1.3762025833129883,
    1.3767273426055908,
    1.3761329650878906,
    1.3736608028411865,
    1.3732659816741943,
    1.372009515762329,
    1.3737411499023438,
    1.3753890991210938,
    1.3764965534210205,
    1.376962661743164,
    1.3752679824829102,
    0.007036924362182617,
    0.5530953407287598,
    0.5519373416900635,
    0.5519373416900635,
    0.5539436340332031,
    0.5539436340332031,
    0.5549430847167969,
    0.5529434680938721,
    0.5529370307922363,
    0.5539405345916748,
    0.5539436340332031,
    0.554943323135376,
    0.554943323135376,
    0.5599431991577148,
    0.558943510055542,
    0.5599403381347656,
    0.0039632320404052734,
    0.004148006439208984,
    0.16604065895080566,
    0.16404175758361816,
    0.16504192352294922,
    0.16404175758361816,
    0.16304230690002441,
    0.16704297065734863,
    0.16504144668579102,
    0.16804122924804688,
    0.16604018211364746,
    0.16604208946228027,
    0.16804099082946777,
    0.2636585235595703,
    0.264660120010376,
    0.2656581401824951,
    0.2666587829589844,
    0.2686629295349121,
    0.26865482330322266,
    0.2726609706878662,
    0.0071887969970703125,
    0.007001161575317383,
    0.006995439529418945,
    0.006444454193115234,
    0.007313728332519531,
    0.005150318145751953,
    0.03827500343322754,
    0.04545474052429199,
    0.0484471321105957,
    0.0484471321105957,
    0.04844856262207031,
    0.04944968223571777,
    0.04944968223571777,
    0.04944491386413574,
    0.050447702407836914,
    0.050447702407836914,
    0.05029654502868652,
    0.05144453048706055,
    0.052300214767456055,
    0.05329704284667969,
    0.0070743560791015625,
    0.0049669742584228516,
    0.017127513885498047,
    0.005190134048461914,
    0.040804386138916016,
    0.004999876022338867,
    0.009290218353271484,
    0.00500035285949707,
    0.006006717681884766,
    0.20617914199829102,
    0.00684046745300293,
    0.009999752044677734,
    0.049083709716796875,
    0.06508350372314453,
    0.06708407402038574,
    0.06708288192749023,
    0.06808137893676758,
    0.07008242607116699,
    0.07008242607116699,
    0.0720815658569336,
    0.14871907234191895,
    0.14971637725830078,
    0.14971542358398438,
    0.15871429443359375,
    0.16171669960021973,
    0.16371989250183105,
    0.16171836853027344,
    0.16372060775756836,
    0.16771507263183594,
    0.16571426391601562,
    0.0049664974212646484,
    0.006003379821777344,
    0.005964756011962891,
    0.012006521224975586,
    0.01796245574951172,
    0.05041217803955078,
    0.05144190788269043,
    0.0504457950592041,
    0.0504457950592041,
    0.05244588851928711,
    0.05344748497009277,
    0.05344748497009277,
    0.05444622039794922,
    0.351001501083374,
    0.9579672813415527,
    0.005177021026611328,
    0.007999181747436523,
    0.04900002479553223,
    0.062001943588256836,
    0.2839987277984619,
    0.28299999237060547,
    0.29796552658081055,
    0.2989659309387207,
    0.2900099754333496,
    0.31096649169921875,
    0.31296873092651367,
    0.3179657459259033,
    0.31400132179260254,
    0.31696629524230957,
    0.31896519660949707,
    0.32096433639526367,
    0.3269662857055664,
    0.3249680995941162,
    0.32400035858154297,
    0.3289682865142822,
    0.32400059700012207,
    0.3239867687225342,
    0.3309626579284668,
    0.32400059700012207,
    2.40421724319458,
    2.3982508182525635,
    2.3982508182525635,
    2.396252155303955,
    2.4072158336639404,
    2.3972525596618652,
    2.4082179069519043,
    2.3992514610290527,
    2.406217098236084,
    2.405219554901123,
    2.403249979019165,
    2.405219554901123,
    2.4072158336639404,
    2.4013073444366455,
    2.405346155166626,
    2.403381824493408,
    2.3983874320983887,
    2.4073500633239746,
    2.4123544692993164,
    2.4113523960113525,
    2.406369924545288,
    2.4113500118255615,
    0.2207348346710205,
    0.00823068618774414,
    0.014000892639160156,
    0.051146507263183594,
    0.06814932823181152,
    0.06615066528320312,
    0.06714844703674316,
    0.06814837455749512,
    0.07014679908752441,
    0.07114481925964355,
    0.07314801216125488,
    0.07214546203613281,
    0.07314562797546387,
    0.07114887237548828,
    0.07314729690551758,
    0.07616591453552246,
    0.0771474838256836,
    0.0771474838256836,
    0.07915019989013672,
    0.07915019989013672,
    0.08014822006225586,
    0.12342166900634766,
    0.12842249870300293,
    0.12342023849487305,
    0.12642312049865723,
    0.12742161750793457,
    0.12842369079589844,
    0.13042426109313965,
    0.1314222812652588,
    0.12742233276367188,
    0.13042426109313965,
    0.12942218780517578,
    0.13242483139038086,
    0.12842202186584473,
    0.12747979164123535,
    2.0636422634124756,
    2.09660005569458,
    2.0965983867645264,
    2.1016032695770264,
    2.1006011962890625,
    2.098598003387451,
    2.1016011238098145,
    2.1026010513305664,
    2.1046037673950195,
    2.1008245944976807,
    2.1078274250030518,
    2.104825496673584,
    2.10882830619812,
    2.110828161239624,
    0.0049130916595458984,
    0.41935300827026367,
    0.014002323150634766,
    0.04830670356750488,
    0.04630851745605469,
    0.04730701446533203,
    0.04630589485168457,
    0.049308061599731445,
    0.04630732536315918,
    0.04931282997131348,
    0.048311710357666016,
    0.05130743980407715,
    0.06351518630981445,
    0.06655550003051758,
    0.0655512809753418,
    0.07751607894897461,
    0.07852029800415039,
    0.08051514625549316,
    0.07854485511779785,
    0.0795431137084961,
    0.0817258358001709,
    0.0827178955078125,
    0.08272004127502441,
    0.08272004127502441,
    0.11120223999023438,
    0.11020112037658691,
    0.11020112037658691,
    0.11319875717163086,
    0.11120271682739258,
    0.11420106887817383,
    0.11419963836669922,
    0.11419963836669922,
    0.11420059204101562,
    2.0510165691375732,
    2.0650742053985596,
    2.0660736560821533,
    2.067073106765747,
    2.069075584411621,
    2.068074941635132,
    2.076076030731201,
