{
  "user_id": "std_user_2",
  "user_type": "STD",
  "profile": "standard_heavy",
  "requests_sent": 85,
  "requests_succeeded": 27,
  "requests_failed": 0,
  "requests_rate_limited": 58,
  "response_times": [
    1.214463233947754,
    0.3195159435272217,
    0.1992800235748291,
    1.7077648639678955,
    1.7087671756744385,
    1.7097671031951904,
    1.7107665538787842,
    1.7107665538787842,
    1.7127635478973389,
    1.7127635478973389,
    1.7137653827667236,
    2.284409523010254,
    2.2854082584381104,
    2.286410093307495,
    2.286410093307495,
    3.564965009689331,
    3.5659618377685547,
    3.5659618377685547,
    1.444303274154663,
    0.8314552307128906,
    0.8076558113098145,
    1.8902721405029297,
    1.0521912574768066,
    4.488612174987793,
    0.9391012191772461,
    2.1267292499542236,
    0.6663470268249512,
    2.1363654136657715,
    0.678657054901123,
    0.5512614250183105,
    0.22339510917663574,
    2.3646485805511475,
    2.3656511306762695,
    2.3686447143554688,
    2.367647171020508,
    2.3686463832855225,
    2.372648239135742,
    2.3981640338897705,
    2.3991637229919434,
    2.4001665115356445,
    2.8487162590026855,
    0.484874963760376,
    0.47599077224731445,
    0.5446701049804688,
    0.5589761734008789,
    0.2999441623687744,
    1.1782093048095703,
    0.4010426998138428,
    0.4010426998138428,
    0.40104103088378906,
    0.402040958404541,
    0.4020402431488037,
    0.40304017066955566,
    0.4030444622039795,
    0.40404438972473145,
    0.4050445556640625,
    0.40804624557495117,
    0.4090440273284912,
    0.4090440273284912,
    0.4110445976257324,
    0.41304779052734375,
    1.1321361064910889,
    0.2854900360107422,
    0.6972899436950684,
    0.2906935214996338,
    0.33112454414367676,
    0.25356554985046387,
    0.5065178871154785,
    0.42353034019470215,
    0.24703311920166016,
    0.3410520553588867,
    0.2425673007965088,
    0.12671613693237305,
    0.12671613693237305,
    0.12671613693237305,
    0.12771344184875488,
    0.12671256065368652,
    0.12871336936950684,
    0.12771248817443848,
    0.12871408462524414,
    0.12871408462524414,
    0.135711669921875,
    0.0664517879486084,
    0.0059969425201416016,
    0.006505250930786133
  ],
  "endpoints": {
    "resources": 72,
    "ping": 6,
    "rate-limit-status": 7
  },
  "anomalous": false
}