{
  "user_id": "std_user_2",
  "user_type": "STD",
  "profile": "standard_medium",
  "requests_sent": 37,
  "requests_succeeded": 3,
  "requests_failed": 0,
  "requests_rate_limited": 34,
  "response_times": [
    0.11759519577026367,
    0.00400233268737793,
    0.003005504608154297,
    0.004004955291748047,
    0.004001617431640625,
    0.002998828887939453,
    0.003999233245849609,
    0.010001897811889648,
    0.003390073776245117,
    0.009179353713989258,
    0.003996610641479492,
    0.0035276412963867188,
    0.004002809524536133,
    0.002999544143676758,
    0.004004478454589844,
    0.0034101009368896484,
    0.0038497447967529297,
    0.010737180709838867,
    0.018073558807373047,
    0.01907825469970703,
    0.02106928825378418,
    0.02207207679748535,
    0.023070812225341797,
    0.02415180206298828,
    0.003522157669067383,
    0.10486268997192383,
    0.004004001617431641,
    0.00400233268737793,
    0.004003763198852539,
    0.004000663757324219,
    0.0035495758056640625,
    0.0033690929412841797,
    0.004002809524536133,
    0.002999544143676758,
    0.004001140594482422,
    0.004003047943115234,
    0.01114034652709961
  ],
  "endpoints": {
    "resources": 29,
    "ping": 6,
    "rate-limit-status": 2
  },
  "anomalous": false
}