{
  "user_id": "std_user_2",
  "user_type": "STD",
  "profile": "standard_medium",
  "requests_sent": 54,
  "requests_succeeded": 19,
  "requests_failed": 0,
  "requests_rate_limited": 35,
  "response_times": [
    0.38144898414611816,
    0.006002187728881836,
    0.0557093620300293,
    0.12911152839660645,
    0.12874412536621094,
    0.13074207305908203,
    0.13074207305908203,
    0.1317458152770996,
    0.1317458152770996,
    0.13274288177490234,
    0.007952213287353516,
    0.10999131202697754,
    0.11575198173522949,
    0.008038520812988281,
    0.07078886032104492,
    0.03598356246948242,
    0.10471415519714355,
    0.004002094268798828,
    0.011539697647094727,
    0.02337169647216797,
    0.02437567710876465,
    0.03293895721435547,
    0.0339357852935791,
    0.03493547439575195,
    0.03493905067443848,
    0.03593921661376953,
    0.036937713623046875,
    0.0039632320404052734,
    0.004007577896118164,
    0.10435366630554199,
    0.0031402111053466797,
    0.005106925964355469,
    0.004235029220581055,
    0.010707616806030273,
    0.027563810348510742,
    0.02856302261352539,
    0.03556036949157715,
    0.03556036949157715,
    0.03556036949157715,
    0.03556036949157715,
    0.0359196662902832,
    0.03693509101867676,
    0.005358695983886719,
    0.10616493225097656,
    0.004998922348022461,
    0.0049896240234375,
    0.00399017333984375,
    0.02098870277404785,
    0.029988527297973633,
    0.03099846839904785,
    0.03198862075805664,
    0.0329890251159668,
    0.03499913215637207,
    0.03499913215637207
  ],
  "endpoints": {
    "resources": 42,
    "ping": 10,
    "rate-limit-status": 2
  },
  "anomalous": false
}