{
  "user_id": "std_user_2",
  "user_type": "STD",
  "profile": "standard_light",
  "requests_sent": 72,
  "requests_succeeded": 21,
  "requests_failed": 0,
  "requests_rate_limited": 51,
  "response_times": [
    0.4881918430328369,
    0.07603740692138672,
    0.007001399993896484,
    0.006999969482421875,
    0.008005142211914062,
    0.004006385803222656,
    0.0030012130737304688,
    0.011997222900390625,
    0.007002115249633789,
    0.0043866634368896484,
    0.004000425338745117,
    0.005017280578613281,
    0.003996610641479492,
    0.003000497817993164,
    0.005999326705932617,
    0.009007930755615234,
    0.004002809524536133,
    0.15967941284179688,
    0.14709925651550293,
    0.0030002593994140625,
    0.006002664566040039,
    0.004002571105957031,
    0.00400090217590332,
    0.004381418228149414,
    0.003998994827270508,
    0.004000425338745117,
    0.0110015869140625,
    0.004977226257324219,
    0.0039827823638916016,
    0.020998716354370117,
    0.1401228904724121,
    0.0050013065338134766,
    0.008013486862182617,
    0.004085063934326172,
    0.0030012130737304688,
    0.03502798080444336,
    0.006774425506591797,
    0.02757406234741211,
    0.00400090217590332,
    0.00449681282043457,
    0.0049893856048583984,
    0.005984783172607422,
    0.003993034362792969,
    0.004025459289550781,
    0.0042684078216552734,
    0.0035161972045898438,
    0.005050182342529297,
    0.004679441452026367,
    0.004771232604980469,
    0.005219697952270508,
    0.010572671890258789,
    0.02458500862121582,
    0.02458500862121582,
    0.026573657989501953,
    0.027571678161621094,
    0.027571678161621094,
    0.028570890426635742,
    0.004296064376831055,
    0.00399017333984375,
    0.004199504852294922,
    0.004460811614990234,
    0.0057086944580078125,
    0.00599980354309082,
    0.002999544143676758,
    0.0029997825622558594,
    0.003999948501586914,
    0.004998683929443359,
    0.0029993057250976562,
    0.005002737045288086,
    0.003987312316894531,
    0.002988100051879883,
    0.0040111541748046875
  ],
  "endpoints": {
    "resources": 41,
    "ping": 26,
    "rate-limit-status": 5
  },
  "anomalous": false
}