{
  "user_id": "std_user_0",
  "user_type": "STD",
  "profile": "standard_medium",
  "requests_sent": 61,
  "requests_succeeded": 61,
  "requests_failed": 0,
  "requests_rate_limited": 0,
  "response_times": [
    1.1825339794158936,
    1.6121511459350586,
    0.6395747661590576,
    0.06805276870727539,
    1.909532070159912,
    0.4846682548522949,
    0.6592519283294678,
    0.5476975440979004,
    0.4369618892669678,
    4.006453514099121,
    0.9361047744750977,
    2.128746509552002,
    0.6673462390899658,
    0.6663448810577393,
    2.5236928462982178,
    2.5257010459899902,
    2.526695966720581,
    2.5276949405670166,
    2.9037418365478516,
    2.9027395248413086,
    2.9037396907806396,
    2.9047367572784424,
    0.6656570434570312,
    0.5422589778900146,
    0.22202038764953613,
    2.371648073196411,
    2.372647285461426,
    2.3746442794799805,
    2.375645399093628,
    2.377645492553711,
    2.388157367706299,
    2.3971636295318604,
    2.3931667804718018,
    2.4081668853759766,
    0.40834665298461914,
    0.6296670436859131,
    0.5727360248565674,
    0.27953219413757324,
    0.4219803810119629,
    0.36089634895324707,
    0.3663177490234375,
    0.34742259979248047,
    0.32118892669677734,
    0.371096134185791,
    0.3679056167602539,
    0.08155155181884766,
    0.0043582916259765625,
    0.12932062149047852,
    0.13671207427978516,
    0.13618898391723633,
    0.13718843460083008,
    0.13819599151611328,
    0.13718676567077637,
    0.13818836212158203,
    0.1407155990600586,
    0.17459940910339355,
    0.17559814453125,
    0.17559814453125,
    0.2823491096496582,
    0.009265422821044922,
    0.0066814422607421875
  ],
  "endpoints": {
    "ping": 16,
    "resources": 42,
    "rate-limit-status": 3
  },
  "anomalous": false
}