{
  "user_id": "std_user_1",
  "user_type": "STD",
  "profile": "standard_light",
  "requests_sent": 50,
  "requests_succeeded": 6,
  "requests_failed": 0,
  "requests_rate_limited": 44,
  "response_times": [
    1.5437395572662354,
    2.4049625396728516,
    1.7997801303863525,
    0.6580495834350586,
    1.9254353046417236,
    0.4708735942840576,
    0.5770623683929443,
    1.2430448532104492,
    1.2460463047027588,
    1.2490465641021729,
    1.3413338661193848,
    0.7029905319213867,
    0.28533244132995605,
    0.4500610828399658,
    0.44233107566833496,
    0.4433317184448242,
    0.4433317184448242,
    0.4563300609588623,
    0.4563300609588623,
    0.43540143966674805,
    0.1655888557434082,
    0.1309034824371338,
    0.0676722526550293,
    0.06844067573547363,
    0.009000062942504883,
    0.015016794204711914,
    0.008999824523925781,
    0.279052734375,
    0.006115436553955078,
    0.00555419921875,
    0.009374380111694336,
    0.00734400749206543,
    0.006728649139404297,
    0.12108302116394043,
    0.062084197998046875,
    0.062084197998046875,
    0.06308674812316895,
    0.00500178337097168,
    0.004352092742919922,
    0.003027677536010742,
    0.005000591278076172,
    0.004000186920166016,
    0.032514333724975586,
    0.0033371448516845703,
    0.00543975830078125,
    0.0037500858306884766,
    0.0030035972595214844,
    0.0033385753631591797,
    0.004515409469604492,
    0.0032432079315185547
  ],
  "endpoints": {
    "resources": 25,
    "ping": 22,
    "rate-limit-status": 3
  },
  "anomalous": false
}