{
  "user_id": "prm_user_0",
  "user_type": "PRM",
  "profile": "premium_light",
  "requests_sent": 46,
  "requests_succeeded": 46,
  "requests_failed": 0,
  "requests_rate_limited": 0,
  "response_times": [
    0.02818775177001953,
    0.14959931373596191,
    0.004022359848022461,
    0.004000663757324219,
    0.006001710891723633,
    0.00600123405456543,
    0.003999948501586914,
    0.002998828887939453,
    0.044532060623168945,
    0.004999637603759766,
    0.006002664566040039,
    0.004004240036010742,
    0.0034105777740478516,
    0.01609635353088379,
    0.01609635353088379,
    0.017109155654907227,
    0.01611042022705078,
    0.01611042022705078,
    0.004004716873168945,
    0.003996849060058594,
    0.002999544143676758,
    0.003001689910888672,
    0.003002166748046875,
    0.006993293762207031,
    0.0030014514923095703,
    0.003000497817993164,
    0.006001472473144531,
    0.004002094268798828,
    0.0030045509338378906,
    0.012000322341918945,
    0.0360264778137207,
    0.0360264778137207,
    0.03702569007873535,
    0.04702448844909668,
    0.04802560806274414,
    0.04702353477478027,
    0.04902529716491699,
    0.048023223876953125,
    0.04902052879333496,
    0.005999565124511719,
    0.004002571105957031,
    0.003004789352416992,
    0.004006624221801758,
    0.0030012130737304688,
    0.004004478454589844,
    0.0030019283294677734
  ],
  "endpoints": {
    "resources": 31,
    "ping": 15
  },
  "anomalous": false
}