{
  "user_id": "std_user_11",
  "user_type": "STD",
  "profile": "standard_light",
  "requests_sent": 39,
  "requests_succeeded": 39,
  "requests_failed": 0,
  "requests_rate_limited": 0,
  "response_times": [
    2.354403257369995,
    0.48444581031799316,
    4.442157983779907,
    4.4441704750061035,
    4.4441704750061035,
    4.446170806884766,
    4.45223331451416,
    4.460240125656128,
    4.472929239273071,
    3.1697659492492676,
    0.7070329189300537,
    2.0011091232299805,
    0.384448766708374,
    0.19226908683776855,
    0.3195023536682129,
    0.10376739501953125,
    0.10376739501953125,
    0.10477828979492188,
    0.005005836486816406,
    0.004636526107788086,
    0.006000995635986328,
    0.009000301361083984,
    0.004004001617431641,
    0.0039975643157958984,
    0.05858016014099121,
    0.0040187835693359375,
    0.018792152404785156,
    0.025967121124267578,
    0.041142940521240234,
    0.004256248474121094,
    0.02596426010131836,
    0.01352691650390625,
    0.024250030517578125,
    0.004003286361694336,
    0.002000570297241211,
    0.004108905792236328,
    0.0050165653228759766,
    0.01018834114074707,
    0.00440669059753418
  ],
  "endpoints": {
    "rate-limit-status": 7,
    "resources": 24,
    "ping": 8
  },
  "anomalous": false
}