{
  "user_id": "prm_user_0",
  "user_type": "PRM",
  "profile": "premium_light",
  "requests_sent": 47,
  "requests_succeeded": 47,
  "requests_failed": 0,
  "requests_rate_limited": 0,
  "response_times": [
    0.1165916919708252,
    0.009012222290039062,
    0.0132904052734375,
    0.0132904052734375,
    0.017290115356445312,
    0.017290115356445312,
    0.018291950225830078,
    0.0033762454986572266,
    0.0033216476440429688,
    0.003093719482421875,
    0.003000974655151367,
    0.006570577621459961,
    0.0033130645751953125,
    0.0040018558502197266,
    0.01124715805053711,
    0.017394542694091797,
    0.01745009422302246,
    0.01745009422302246,
    0.0184476375579834,
    0.0184476375579834,
    0.019448518753051758,
    0.12246179580688477,
    0.00416111946105957,
    0.0030024051666259766,
    0.008487939834594727,
    0.01275324821472168,
    0.01275324821472168,
    0.014755487442016602,
    0.015929460525512695,
    0.003998279571533203,
    0.0029981136322021484,
    0.0040018558502197266,
    0.002997875213623047,
    0.16105985641479492,
    0.0030150413513183594,
    0.004001140594482422,
    0.004003763198852539,
    0.006002902984619141,
    0.013096332550048828,
    0.0029993057250976562,
    0.003045797348022461,
    0.003027200698852539,
    0.003990888595581055,
    0.0030012130737304688,
    0.0031211376190185547,
    0.003999948501586914,
    0.003276824951171875
  ],
  "endpoints": {
    "resources": 29,
    "ping": 17,
    "rate-limit-status": 1
  },
  "anomalous": false
}