{
  "user_id": "prm_user_0",
  "user_type": "PRM",
  "profile": "premium_light",
  "requests_sent": 22,
  "requests_succeeded": 22,
  "requests_failed": 0,
  "requests_rate_limited": 0,
  "response_times": [
    0.30100011825561523,
    0.31800150871276855,
    2.39915132522583,
    2.410249948501587,
    2.4113857746124268,
    1.700199842453003,
    0.05000591278076172,
    0.048970937728881836,
    0.04996609687805176,
    0.04996609687805176,
    0.053067922592163086,
    0.052001953125,
    0.05300188064575195,
    0.05300188064575195,
    0.06873154640197754,
    0.11568975448608398,
    0.94732666015625,
    1.2123751640319824,
    0.11015892028808594,
    0.005120992660522461,
    0.00411677360534668,
    0.0062885284423828125
  ],
  "endpoints": {
    "resources": 16,
    "rate-limit-status": 3,
    "ping": 3
  },
  "anomalous": false
}