{
  "user_id": "prm_user_8",
  "user_type": "PRM",
  "profile": "premium_light",
  "requests_sent": 53,
  "requests_succeeded": 53,
  "requests_failed": 0,
  "requests_rate_limited": 0,
  "response_times": [
    1.1616241931915283,
    0.09782934188842773,
    0.05148768424987793,
    1.226344108581543,
    1.226344108581543,
    1.226344108581543,
    1.226344108581543,
    1.226344108581543,
    1.226344108581543,
    1.2277886867523193,
    1.0477473735809326,
    0.5215897560119629,
    0.31693530082702637,
    0.5540707111358643,
    0.5540647506713867,
    0.5540647506713867,
    0.5550649166107178,
    4.381212472915649,
    1.1012275218963623,
    0.5275874137878418,
    0.47736215591430664,
    0.47736215591430664,
    0.47936177253723145,
    0.4783632755279541,
    0.47935962677001953,
    0.4813570976257324,
    0.48135900497436523,
    0.48135876655578613,
    0.4823625087738037,
    1.9106619358062744,
    0.2805309295654297,
    0.35245656967163086,
    0.17157340049743652,
    0.1297283172607422,
    0.22110319137573242,
    0.36051511764526367,
    0.008002281188964844,
    0.014003753662109375,
    0.0575251579284668,
    0.05852961540222168,
    0.05852961540222168,
    0.059530019760131836,
    0.06052708625793457,
    0.06052708625793457,
    0.06052708625793457,
    0.060732126235961914,
    0.06173539161682129,
    0.005444765090942383,
    0.10341501235961914,
    0.10339546203613281,
    0.10339546203613281,
    0.10541820526123047,
    0.10539555549621582
  ],
  "endpoints": {
    "ping": 10,
    "resources": 42,
    "rate-limit-status": 1
  },
  "anomalous": false
}