{
  "user_id": "prm_user_1",
  "user_type": "PRM",
  "profile": "premium_light",
  "requests_sent": 29,
  "requests_succeeded": 29,
  "requests_failed": 0,
  "requests_rate_limited": 0,
  "response_times": [
    0.4077908992767334,
    0.004106760025024414,
    0.0040018558502197266,
    0.00400090217590332,
    0.00499725341796875,
    0.10752749443054199,
    0.003998279571533203,
    0.005002260208129883,
    0.004002571105957031,
    0.004002809524536133,
    0.017001628875732422,
    0.017002582550048828,
    0.017002582550048828,
    0.01800227165222168,
    0.01800227165222168,
    0.00803065299987793,
    0.006998538970947266,
    0.00400090217590332,
    0.003997087478637695,
    0.025643348693847656,
    0.004992485046386719,
    0.005002021789550781,
    0.004001140594482422,
    0.004006385803222656,
    0.004001140594482422,
    0.008001327514648438,
    0.003996849060058594,
    0.003999233245849609,
    0.004004240036010742
  ],
  "endpoints": {
    "ping": 6,
    "resources": 21,
    "rate-limit-status": 2
  },
  "anomalous": false
}