{
  "user_id": "std_user_4",
  "user_type": "STD",
  "profile": "standard_medium",
  "requests_sent": 39,
  "requests_succeeded": 25,
  "requests_failed": 0,
  "requests_rate_limited": 14,
  "response_times": [
    1.2144627571105957,
    0.5479238033294678,
    1.3665235042572021,
    2.0646920204162598,
    0.6827578544616699,
    4.691507577896118,
    2.668078660964966,
    0.9815490245819092,
    1.040975570678711,
    0.7185864448547363,
    2.639890432357788,
    0.6926288604736328,
    1.0182433128356934,
    0.7839400768280029,
    1.5282623767852783,
    1.8691399097442627,
    1.2460403442382812,
    0.5866334438323975,
    0.6947288513183594,
    0.6937334537506104,
    0.8867685794830322,
    0.8897695541381836,
    0.8897695541381836,
    0.8897700309753418,
    0.8887717723846436,
    0.8887717723846436,
    0.22862744331359863,
    0.2928624153137207,
    0.614790678024292,
    0.28824472427368164,
    0.2515594959259033,
    0.4434235095977783,
    0.28734779357910156,
    0.2899963855743408,
    0.48079681396484375,
    0.2396101951599121,
    0.1465752124786377,
    0.3420538902282715,
    0.032515525817871094
  ],
  "endpoints": {
    "resources": 27,
    "ping": 9,
    "rate-limit-status": 3
  },
  "anomalous": false
}