{
  "user_id": "std_user_4",
  "user_type": "STD",
  "profile": "standard_light",
  "requests_sent": 18,
  "requests_succeeded": 16,
  "requests_failed": 0,
  "requests_rate_limited": 2,
  "response_times": [
    0.1304929256439209,
    0.004092216491699219,
    0.00400233268737793,
    0.003111124038696289,
    0.027001380920410156,
    0.028001070022583008,
    0.02899789810180664,
    0.02899789810180664,
    0.027997732162475586,
    0.02899789810180664,
    0.02899789810180664,
    0.02899789810180664,
    0.0042650699615478516,
    0.0041351318359375,
    0.004388093948364258,
    0.009000778198242188,
    0.009000778198242188,
    0.010001420974731445
  ],
  "endpoints": {
    "ping": 6,
    "rate-limit-status": 1,
    "resources": 11
  },
  "anomalous": false
}