{
  "user_id": "std_user_0",
  "user_type": "STD",
  "profile": "standard_light",
  "requests_sent": 60,
  "requests_succeeded": 60,
  "requests_failed": 0,
  "requests_rate_limited": 0,
  "response_times": [
    0.7516679763793945,
    0.003000020980834961,
    0.0030014514923095703,
    0.004007577896118164,
    0.003002166748046875,
    0.0030028820037841797,
    0.0040073394775390625,
    0.020152807235717773,
    0.0030088424682617188,
    0.0040051937103271484,
    0.003998517990112305,
    0.004004001617431641,
    0.0030019283294677734,
    0.003080606460571289,
    0.0030002593994140625,
    0.0030014514923095703,
    0.004001617431640625,
    0.0070040225982666016,
    0.0032758712768554688,
    0.004004240036010742,
    0.0038568973541259766,
    0.005082368850708008,
    0.003984689712524414,
    0.005181312561035156,
    0.008589506149291992,
    0.0017139911651611328,
    0.0032045841217041016,
    0.00400543212890625,
    0.004003047943115234,
    0.00900411605834961,
    0.008999347686767578,
    0.010008096694946289,
    0.010514974594116211,
    0.020183324813842773,
    0.020183324813842773,
    0.024186134338378906,
    0.024186134338378906,
    0.024186134338378906,
    0.02518296241760254,
    0.026183128356933594,
    0.00400233268737793,
    0.003545999526977539,
    0.003000497817993164,
    0.005753993988037109,
    0.002999544143676758,
    0.004002571105957031,
    0.0030002593994140625,
    0.004004955291748047,
    0.004002571105957031,
    0.003998279571533203,
    0.005000591278076172,
    0.003998994827270508,
    0.0039997100830078125,
    0.003002643585205078,
    0.003002643585205078,
    0.004005908966064453,
    0.009433269500732422,
    0.009949207305908203,
    0.009949207305908203,
    0.00600743293762207
  ],
  "endpoints": {
    "resources": 35,
    "ping": 23,
    "rate-limit-status": 2
  },
  "anomalous": false
}