{
  "user_id": "prm_user_1",
  "user_type": "PRM",
  "profile": "premium_light",
  "requests_sent": 77,
  "requests_succeeded": 55,
  "requests_failed": 0,
  "requests_rate_limited": 22,
  "response_times": [
    0.02853250503540039,
    0.0052301883697509766,
    0.004003763198852539,
    0.003000497817993164,
    0.0038614273071289062,
    0.00481724739074707,
    0.019857168197631836,
    0.01985931396484375,
    0.020859241485595703,
    0.021859169006347656,
    0.02285933494567871,
    0.021859169006347656,
    0.02385878562927246,
    0.005733966827392578,
    0.0031807422637939453,
    0.004187107086181641,
    0.003066539764404297,
    0.0036988258361816406,
    0.08043503761291504,
    0.0030019283294677734,
    0.0031228065490722656,
    0.0032982826232910156,
    0.0033576488494873047,
    0.0032682418823242188,
    0.06597113609313965,
    0.06697201728820801,
    0.06797266006469727,
    0.06797122955322266,
    0.06797122955322266,
    0.06797122955322266,
    0.005622386932373047,
    0.0023756027221679688,
    0.003626585006713867,
    0.0056383609771728516,
    0.005921125411987305,
    0.004584789276123047,
    0.004004001617431641,
    0.012906074523925781,
    0.00341033935546875,
    0.0041790008544921875,
    0.02641582489013672,
    0.0295562744140625,
    0.03200721740722656,
    0.030668973922729492,
    0.03182172775268555,
    0.03182172775268555,
    0.03281974792480469,
    0.03281974792480469,
    0.03420901298522949,
    0.0036897659301757812,
    0.0178225040435791,
    0.01915264129638672,
    0.01915264129638672,
    0.02035045623779297,
    0.02142190933227539,
    0.02142190933227539,
    0.02142190933227539,
    0.022417783737182617,
    0.005420207977294922,
    0.004154205322265625,
    0.0031042098999023438,
    0.0033257007598876953,
    0.0033011436462402344,
    0.0023741722106933594,
    0.0034494400024414062,
    0.011389493942260742,
    0.02245783805847168,
    0.02245783805847168,
    0.02345871925354004,
    0.02555084228515625,
    0.02555084228515625,
    0.02555084228515625,
    0.02671074867248535,
    0.02671074867248535,
    0.02870798110961914,
    0.004665374755859375,
    0.005480289459228516
  ],
  "endpoints": {
    "resources": 59,
    "ping": 14,
    "rate-limit-status": 4
  },
  "anomalous": false
}