{
  "user_id": "std_user_0",
  "user_type": "STD",
  "profile": "standard_light",
  "requests_sent": 18,
  "requests_succeeded": 18,
  "requests_failed": 0,
  "requests_rate_limited": 0,
  "response_times": [
    0.38060688972473145,
    0.0041239261627197266,
    0.0039980411529541016,
    0.005102396011352539,
    0.00800013542175293,
    0.06973004341125488,
    0.07072925567626953,
    0.0747370719909668,
    0.27854251861572266,
    0.2795445919036865,
    0.009076833724975586,
    0.004453182220458984,
    0.004003286361694336,
    0.003989696502685547,
    0.004036903381347656,
    0.004990100860595703,
    0.00399017333984375,
    0.004000663757324219
  ],
  "endpoints": {
    "ping": 6,
    "rate-limit-status": 2,
    "resources": 10
  },
  "anomalous": false
}