{
  "user_id": "prm_user_2",
  "user_type": "PRM",
  "profile": "premium_light",
  "requests_sent": 24,
  "requests_succeeded": 15,
  "requests_failed": 0,
  "requests_rate_limited": 9,
  "response_times": [
    0.6528894901275635,
    0.5333001613616943,
    0.1454768180847168,
    2.66287899017334,
    0.8231337070465088,
    2.3148505687713623,
    1.3338422775268555,
    1.233971357345581,
    2.3823297023773193,
    2.548877239227295,
    0.49430203437805176,
    0.6171708106994629,
    1.3536150455474854,
    1.9753508567810059,
    1.0207903385162354,
    0.35527801513671875,
    0.620913028717041,
    0.5119209289550781,
    0.24225974082946777,
    0.19688057899475098,
    0.8270699977874756,
    0.04552769660949707,
    0.0832972526550293,
    0.09599971771240234
  ],
  "endpoints": {
    "resources": 18,
    "ping": 6
  },
  "anomalous": false
}