{
  "user_id": "std_user_19",
  "user_type": "STD",
  "profile": "standard_medium",
  "requests_sent": 38,
  "requests_succeeded": 38,
  "requests_failed": 0,
  "requests_rate_limited": 0,
  "response_times": [
    1.1789953708648682,
    0.485215425491333,
    0.8117120265960693,
    1.1419482231140137,
    3.650667905807495,
    0.9154396057128906,
    0.9421520233154297,
    2.1163506507873535,
    0.662999153137207,
    0.429668664932251,
    1.9391181468963623,
    0.7120795249938965,
    0.5267226696014404,
    0.5631675720214844,
    1.750147819519043,
    0.4640846252441406,
    0.32812952995300293,
    0.3271305561065674,
    0.32912755012512207,
    0.3301277160644531,
    0.3281285762786865,
    0.3401327133178711,
    0.42067551612854004,
    0.29340529441833496,
    0.17447733879089355,
    0.1222071647644043,
    0.11545205116271973,
    0.11844921112060547,
    0.1266801357269287,
    0.1266801357269287,
    0.1276843547821045,
    0.1276843547821045,
    0.12868022918701172,
    0.12868022918701172,
    0.1286754608154297,
    0.12969636917114258,
    0.12969636917114258,
    0.13069510459899902
  ],
  "endpoints": {
    "resources": 30,
    "ping": 7,
    "rate-limit-status": 1
  },
  "anomalous": false
}