{
  "user_id": "std_user_4",
  "user_type": "STD",
  "profile": "standard_medium",
  "requests_sent": 60,
  "requests_succeeded": 16,
  "requests_failed": 0,
  "requests_rate_limited": 44,
  "response_times": [
    0.028583288192749023,
    0.0071446895599365234,
    0.005156993865966797,
    0.004091739654541016,
    0.003996849060058594,
    0.003788471221923828,
    0.0040018558502197266,
    0.0034863948822021484,
    0.003281831741333008,
    0.003996849060058594,
    0.005733966827392578,
    0.03708672523498535,
    0.0029973983764648438,
    0.005080461502075195,
    0.002496957778930664,
    0.0030198097229003906,
    0.003445863723754883,
    0.003039121627807617,
    0.008434772491455078,
    0.0124359130859375,
    0.012137174606323242,
    0.013139009475708008,
    0.013139009475708008,
    0.040389060974121094,
    0.040389060974121094,
    0.04139566421508789,
    0.042389631271362305,
    0.04133725166320801,
    0.04339265823364258,
    0.04439353942871094,
    0.04334115982055664,
    0.04433846473693848,
    0.045525550842285156,
    0.045525550842285156,
    0.046529531478881836,
    0.0029985904693603516,
    0.02675485610961914,
    0.0033037662506103516,
    0.0031006336212158203,
    0.003237485885620117,
    0.0034880638122558594,
    0.0024766921997070312,
    0.005313396453857422,
    0.003423929214477539,
    0.0021953582763671875,
    0.003347635269165039,
    0.002302408218383789,
    0.009050846099853516,
    0.01404428482055664,
    0.03394007682800293,
    0.03494119644165039,
    0.03593897819519043,
    0.03593897819519043,
    0.036937713623046875,
    0.036950111389160156,
    0.036950111389160156,
    0.03794693946838379,
    0.03794693946838379,
    0.04193878173828125,
    0.004013776779174805
  ],
  "endpoints": {
    "resources": 47,
    "ping": 12,
    "rate-limit-status": 1
  },
  "anomalous": false
}