{
  "user_id": "std_user_3",
  "user_type": "STD",
  "profile": "standard_light",
  "requests_sent": 30,
  "requests_succeeded": 19,
  "requests_failed": 0,
  "requests_rate_limited": 11,
  "response_times": [
    2.6564910411834717,
    1.3363134860992432,
    3.0359268188476562,
    1.2339653968811035,
    0.5023009777069092,
    0.543285608291626,
    0.9403893947601318,
    0.31325292587280273,
    0.22394919395446777,
    0.010507345199584961,
    0.003223419189453125,
    0.06396269798278809,
    0.0060002803802490234,
    0.08399605751037598,
    0.01047062873840332,
    0.44098687171936035,
    0.004998683929443359,
    0.05952310562133789,
    0.0050008296966552734,
    0.007205009460449219,
    0.007205009460449219,
    0.008683919906616211,
    0.008244991302490234,
    0.00924992561340332,
    0.030185222625732422,
    0.030185222625732422,
    0.030185222625732422,
    0.030185222625732422,
    0.03638124465942383,
    0.03638124465942383
  ],
  "endpoints": {
    "resources": 18,
    "ping": 11,
    "rate-limit-status": 1
  },
  "anomalous": false
}