{
  "user_id": "std_user_4",
  "user_type": "STD",
  "profile": "standard_medium",
  "requests_sent": 41,
  "requests_succeeded": 19,
  "requests_failed": 0,
  "requests_rate_limited": 22,
  "response_times": [
    0.1268754005432129,
    0.004002094268798828,
    0.33150768280029297,
    0.3331184387207031,
    0.3373875617980957,
    0.3373875617980957,
    0.3384582996368408,
    0.3394613265991211,
    0.4412374496459961,
    0.44225454330444336,
    0.44369935989379883,
    0.44369935989379883,
    0.1082618236541748,
    0.007066488265991211,
    0.007515668869018555,
    0.004345417022705078,
    0.14252591133117676,
    0.141526460647583,
    0.14351391792297363,
    0.14453840255737305,
    0.14685797691345215,
    0.10568904876708984,
    0.003435373306274414,
    0.011050224304199219,
    0.0039980411529541016,
    0.009395599365234375,
    0.01798868179321289,
    0.01900315284729004,
    0.01900315284729004,
    0.02000570297241211,
    0.02100372314453125,
    0.27111244201660156,
    0.004002571105957031,
    0.003314495086669922,
    0.005099058151245117,
    0.0035398006439208984,
    0.004997968673706055,
    0.005002021789550781,
    0.004011869430541992,
    0.003909111022949219,
    0.004012107849121094
  ],
  "endpoints": {
    "resources": 35,
    "ping": 5,
    "rate-limit-status": 1
  },
  "anomalous": false
}