{
  "user_id": "std_user_16",
  "user_type": "STD",
  "profile": "standard_light",
  "requests_sent": 15,
  "requests_succeeded": 15,
  "requests_failed": 0,
  "requests_rate_limited": 0,
  "response_times": [
    0.18360090255737305,
    0.053163766860961914,
    0.6481626033782959,
    0.49848461151123047,
    0.7885065078735352,
    0.27429986000061035,
    0.20360016822814941,
    0.20360064506530762,
    0.20460081100463867,
    0.20460081100463867,
    0.20460081100463867,
    0.2055985927581787,
    0.2055985927581787,
    0.13460469245910645,
    0.07598710060119629
  ],
  "endpoints": {
    "resources": 11,
    "ping": 3,
    "rate-limit-status": 1
  },
  "anomalous": false
}