{
  "user_id": "std_user_3",
  "user_type": "STD",
  "profile": "standard_medium",
  "requests_sent": 66,
  "requests_succeeded": 37,
  "requests_failed": 0,
  "requests_rate_limited": 29,
  "response_times": [
    0.2548346519470215,
    0.007002830505371094,
    0.3318166732788086,
    0.33281445503234863,
    0.3388657569885254,
    0.33986616134643555,
    0.3408637046813965,
    0.3408637046813965,
    0.4424002170562744,
    0.44339561462402344,
    0.44339561462402344,
    0.004001140594482422,
    0.329848051071167,
    0.004000425338745117,
    0.0040018558502197266,
    0.10801291465759277,
    0.10521960258483887,
    0.10519742965698242,
    0.24895930290222168,
    0.005010366439819336,
    0.004088401794433594,
    0.004003286361694336,
    0.10859465599060059,
    0.00400090217590332,
    0.10493707656860352,
    0.004029035568237305,
    0.0039997100830078125,
    0.11754846572875977,
    0.11954116821289062,
    0.12054061889648438,
    0.12054061889648438,
    0.12154078483581543,
    0.10512161254882812,
    0.10495185852050781,
    0.008012771606445312,
    0.003998994827270508,
    0.003998517990112305,
    0.04254794120788574,
    0.012995243072509766,
    0.029996633529663086,
    0.029996633529663086,
    0.030996084213256836,
    0.0319979190826416,
    0.0319979190826416,
    0.0330045223236084,
    0.0330045223236084,
    0.03399801254272461,
    0.03299713134765625,
    0.03400015830993652,
    0.0360109806060791,
    0.1053464412689209,
    0.008216142654418945,
    0.01371145248413086,
    0.028194427490234375,
    0.02872467041015625,
    0.0335845947265625,
    0.03411507606506348,
    0.03465414047241211,
    0.036344051361083984,
    0.036344051361083984,
    0.03687262535095215,
    0.03630495071411133,
    0.035297393798828125,
    0.00406646728515625,
    0.004531383514404297,
    0.0040035247802734375
  ],
  "endpoints": {
    "resources": 52,
    "rate-limit-status": 3,
    "ping": 11
  },
  "anomalous": false
}