{
  "user_id": "std_user_12",
  "user_type": "STD",
  "profile": "standard_medium",
  "requests_sent": 44,
  "requests_succeeded": 44,
  "requests_failed": 0,
  "requests_rate_limited": 0,
  "response_times": [
    0.6207273006439209,
    0.127579927444458,
    1.6151509284973145,
    0.6405782699584961,
    1.224891185760498,
    0.29762697219848633,
    0.2986273765563965,
    0.37160539627075195,
    0.3706057071685791,
    0.36960291862487793,
    0.36960291862487793,
    0.37260890007019043,
    0.37160539627075195,
    0.36818814277648926,
    1.8601553440093994,
    0.42805933952331543,
    0.4751091003417969,
    0.349625825881958,
    1.2041435241699219,
    0.6498746871948242,
    0.4645237922668457,
    1.0985286235809326,
    2.00276780128479,
    2.62585186958313,
    0.6350224018096924,
    0.6360421180725098,
    0.5795896053314209,
    1.05832839012146,
    0.5625722408294678,
    0.32323455810546875,
    1.0583925247192383,
    0.26027607917785645,
    0.38260340690612793,
    0.3319704532623291,
    0.11969733238220215,
    0.3256058692932129,
    0.17647552490234375,
    0.26709938049316406,
    0.36690425872802734,
    0.006009340286254883,
    0.04345583915710449,
    0.005999326705932617,
    0.0060007572174072266,
    0.036251068115234375
  ],
  "endpoints": {
    "rate-limit-status": 2,
    "resources": 35,
    "ping": 7
  },
  "anomalous": false
}