{
  "user_id": "std_user_1",
  "user_type": "STD",
  "profile": "standard_light",
  "requests_sent": 22,
  "requests_succeeded": 16,
  "requests_failed": 0,
  "requests_rate_limited": 6,
  "response_times": [
    0.12400317192077637,
    0.022668838500976562,
    0.31353330612182617,
    0.6904952526092529,
    0.6905112266540527,
    0.6915113925933838,
    0.6915113925933838,
    0.6925206184387207,
    0.6925206184387207,
    0.6935153007507324,
    0.6946825981140137,
    0.00401616096496582,
    0.00414276123046875,
    0.010349512100219727,
    0.011609554290771484,
    0.012630701065063477,
    0.004077911376953125,
    0.005006551742553711,
    0.008151769638061523,
    0.004011392593383789,
    0.0061147212982177734,
    0.0043256282806396484
  ],
  "endpoints": {
    "rate-limit-status": 2,
    "ping": 14,
    "resources": 6
  },
  "anomalous": false
}