{
  "user_id": "std_user_2",
  "user_type": "STD",
  "profile": "standard_light",
  "requests_sent": 19,
  "requests_succeeded": 19,
  "requests_failed": 0,
  "requests_rate_limited": 0,
  "response_times": [
    0.408794641494751,
    0.864363431930542,
    0.004000425338745117,
    0.00399327278137207,
    0.08053302764892578,
    0.00800323486328125,
    0.0040018558502197266,
    0.004001140594482422,
    0.025002479553222656,
    0.02599954605102539,
    0.026998281478881836,
    0.028001070022583008,
    0.027997732162475586,
    0.028998136520385742,
    0.028998136520385742,
    0.028998136520385742,
    0.004999876022338867,
    0.003998994827270508,
    0.0040018558502197266
  ],
  "endpoints": {
    "resources": 14,
    "ping": 5
  },
  "anomalous": false
}