{
  "user_id": "std_user_1",
  "user_type": "STD",
  "profile": "standard_light",
  "requests_sent": 19,
  "requests_succeeded": 19,
  "requests_failed": 0,
  "requests_rate_limited": 0,
  "response_times": [
    0.32434701919555664,
    0.003971576690673828,
    0.004437685012817383,
    0.022395849227905273,
    0.02239704132080078,
    0.023393869400024414,
    0.024906635284423828,
    0.02490377426147461,
    0.02490377426147461,
    0.02590465545654297,
    0.02590465545654297,
    0.004016876220703125,
    0.007002830505371094,
    0.004004955291748047,
    0.014000892639160156,
    0.0030655860900878906,
    0.002992391586303711,
    0.003999948501586914,
    0.004398822784423828
  ],
  "endpoints": {
    "resources": 13,
    "ping": 4,
    "rate-limit-status": 2
  },
  "anomalous": false
}