{
  "user_id": "std_user_1",
  "user_type": "STD",
  "profile": "standard_medium",
  "requests_sent": 48,
  "requests_succeeded": 17,
  "requests_failed": 0,
  "requests_rate_limited": 31,
  "response_times": [
    0.3816070556640625,
    0.10554933547973633,
    0.007707357406616211,
    0.33110642433166504,
    0.33293819427490234,
    0.3369429111480713,
    0.337939977645874,
    0.3389854431152344,
    0.3375377655029297,
    0.33883070945739746,
    0.33883070945739746,
    0.5510809421539307,
    0.557830810546875,
    0.5568361282348633,
    0.006888151168823242,
    0.15513300895690918,
    0.028857946395874023,
    0.02996230125427246,
    0.02999424934387207,
    0.030986309051513672,
    0.030986309051513672,
    0.03198575973510742,
    0.032990455627441406,
    0.032990455627441406,
    0.003996849060058594,
    0.0036454200744628906,
    0.003493785858154297,
    0.0025687217712402344,
    0.02875518798828125,
    0.003845691680908203,
    0.006216287612915039,
    0.004189252853393555,
    0.006150245666503906,
    0.015431642532348633,
    0.02764606475830078,
    0.02865314483642578,
    0.02964496612548828,
    0.0307462215423584,
    0.0307462215423584,
    0.0307462215423584,
    0.031821250915527344,
    0.031821250915527344,
    0.0035102367401123047,
    0.0039942264556884766,
    0.0050013065338134766,
    0.004008054733276367,
    0.008002042770385742,
    0.004000663757324219
  ],
  "endpoints": {
    "rate-limit-status": 7,
    "resources": 31,
    "ping": 10
  },
  "anomalous": false
}