{
  "user_id": "std_user_3",
  "user_type": "STD",
  "profile": "standard_medium",
  "requests_sent": 38,
  "requests_succeeded": 19,
  "requests_failed": 0,
  "requests_rate_limited": 19,
  "response_times": [
    0.40779662132263184,
    0.943507194519043,
    0.10550713539123535,
    0.10453200340270996,
    0.008000373840332031,
    0.4287576675415039,
    0.42975664138793945,
    0.4347653388977051,
    0.4347653388977051,
    0.4357588291168213,
    0.43875956535339355,
    0.43875956535339355,
    0.4397580623626709,
    0.44076061248779297,
    0.004000663757324219,
    0.004004240036010742,
    0.1115260124206543,
    0.003996133804321289,
    0.008000373840332031,
    0.014002084732055664,
    0.03200078010559082,
    0.031001806259155273,
    0.033006906509399414,
    0.033006906509399414,
    0.03300189971923828,
    0.03400087356567383,
    0.03400087356567383,
    0.03500103950500488,
    0.03400254249572754,
    0.007993698120117188,
    0.003998994827270508,
    0.012513875961303711,
    0.00500178337097168,
    0.005999565124511719,
    0.10753130912780762,
    0.003998756408691406,
    0.0030012130737304688,
    0.0029947757720947266
  ],
  "endpoints": {
    "resources": 28,
    "rate-limit-status": 3,
    "ping": 7
  },
  "anomalous": false
}