{
  "user_id": "std_user_3",
  "user_type": "STD",
  "profile": "standard_medium",
  "requests_sent": 18,
  "requests_succeeded": 18,
  "requests_failed": 0,
  "requests_rate_limited": 0,
  "response_times": [
    0.2639656066894531,
    0.0017075538635253906,
    0.0010051727294921875,
    0.0010039806365966797,
    0.002001047134399414,
    0.002108335494995117,
    0.0010046958923339844,
    0.0010066032409667969,
    0.0019981861114501953,
    0.0010099411010742188,
    0.0010521411895751953,
    0.001004934310913086,
    0.001443624496459961,
    0.0010035037994384766,
    0.0010008811950683594,
    0.0010058879852294922,
    0.0016453266143798828,
    0.0015473365783691406
  ],
  "endpoints": {
    "resources": 12,
    "rate-limit-status": 2,
    "ping": 4
  },
  "anomalous": false
}