{
  "user_id": "std_user_1",
  "user_type": "STD",
  "profile": "standard_medium",
  "requests_sent": 51,
  "requests_succeeded": 17,
  "requests_failed": 0,
  "requests_rate_limited": 34,
  "response_times": [
    0.04537081718444824,
    0.04841423034667969,
    0.05041360855102539,
    0.05141329765319824,
    0.05241560935974121,
    0.05241560935974121,
    0.0537724494934082,
    0.29419970512390137,
    0.29720091819763184,
    0.3022005558013916,
    0.0051996707916259766,
    0.004262208938598633,
    0.003998517990112305,
    0.005001068115234375,
    0.005079984664916992,
    0.004181861877441406,
    0.0041103363037109375,
    0.010355949401855469,
    0.003999233245849609,
    0.004289865493774414,
    0.0049784183502197266,
    0.0031800270080566406,
    0.004755258560180664,
    0.00600123405456543,
    0.005071401596069336,
    0.0042073726654052734,
    0.005057573318481445,
    0.0056154727935791016,
    0.004688262939453125,
    0.011159658432006836,
    0.019966840744018555,
    0.038712263107299805,
    0.039710044860839844,
    0.03971505165100098,
    0.03971505165100098,
    0.04071497917175293,
    0.04071497917175293,
    0.041717529296875,
    0.042713165283203125,
    0.04694247245788574,
    0.004477977752685547,
    0.004976987838745117,
    0.006520271301269531,
    0.0049741268157958984,
    0.003998517990112305,
    0.003232240676879883,
    0.004117488861083984,
    0.07132291793823242,
    0.004221200942993164,
    0.0070018768310546875,
    0.004000186920166016
  ],
  "endpoints": {
    "ping": 6,
    "resources": 43,
    "rate-limit-status": 2
  },
  "anomalous": false
}