{
  "user_id": "prm_user_0",
  "user_type": "PRM",
  "profile": "premium_light",
  "requests_sent": 63,
  "requests_succeeded": 63,
  "requests_failed": 0,
  "requests_rate_limited": 0,
  "response_times": [
    0.025524377822875977,
    0.005988597869873047,
    0.008449792861938477,
    0.004996538162231445,
    0.003996610641479492,
    0.0033216476440429688,
    0.003404855728149414,
    0.010474681854248047,
    0.003308534622192383,
    0.00336456298828125,
    0.0030443668365478516,
    0.004399538040161133,
    0.0034894943237304688,
    0.003619670867919922,
    0.0029973983764648438,
    0.003838062286376953,
    0.003330230712890625,
    0.004412651062011719,
    0.0034291744232177734,
    0.003061056137084961,
    0.007091522216796875,
    0.011941194534301758,
    0.01741194725036621,
    0.01741194725036621,
    0.01729416847229004,
    0.01729416847229004,
    0.0027680397033691406,
    0.0033714771270751953,
    0.00442051887512207,
    0.010105371475219727,
    0.0192110538482666,
    0.0192110538482666,
    0.028546571731567383,
    0.028546571731567383,
    0.02955007553100586,
    0.030544042587280273,
    0.03154587745666504,
    0.0315403938293457,
    0.03254365921020508,
    0.007027864456176758,
    0.003104686737060547,
    0.0030410289764404297,
    0.003401517868041992,
    0.0024585723876953125,
    0.003755807876586914,
    0.0031266212463378906,
    0.018419742584228516,
    0.01941990852355957,
    0.020419836044311523,
    0.020419836044311523,
    0.021419525146484375,
    0.021419525146484375,
    0.021419048309326172,
    0.022419214248657227,
    0.022418975830078125,
    0.0021376609802246094,
    0.010470151901245117,
    0.015404701232910156,
    0.015404701232910156,
    0.018873214721679688,
    0.020195960998535156,
    0.02119922637939453,
    0.02220010757446289
  ],
  "endpoints": {
    "resources": 55,
    "ping": 6,
    "rate-limit-status": 2
  },
  "anomalous": false
}