{
  "user_id": "prm_user_0",
  "user_type": "PRM",
  "profile": "premium_light",
  "requests_sent": 49,
  "requests_succeeded": 49,
  "requests_failed": 0,
  "requests_rate_limited": 0,
  "response_times": [
    0.12341856956481934,
    0.008530616760253906,
    0.003304719924926758,
    0.003000974655151367,
    0.0034236907958984375,
    0.0041081905364990234,
    0.005472660064697266,
    0.014059305191040039,
    0.025111675262451172,
    0.02662372589111328,
    0.0634458065032959,
    0.06444764137268066,
    0.06444764137268066,
    0.06544232368469238,
    0.07461810111999512,
    0.0037801265716552734,
    0.004332304000854492,
    0.012792587280273438,
    0.0217893123626709,
    0.024168014526367188,
    0.0539093017578125,
    0.05491137504577637,
    0.055913686752319336,
    0.05891251564025879,
    0.058902740478515625,
    0.063995361328125,
    0.010566949844360352,
    0.019576072692871094,
    0.020575284957885742,
    0.029712915420532227,
    0.029712915420532227,
    0.03082871437072754,
    0.031844377517700195,
    0.031844377517700195,
    0.031844377517700195,
    0.006498098373413086,
    0.004983425140380859,
    0.023560762405395508,
    0.0178067684173584,
    0.0218353271484375,
    0.02335381507873535,
    0.02436351776123047,
    0.02436351776123047,
    0.02486705780029297,
    0.02637171745300293,
    0.004964590072631836,
    0.00396275520324707,
    0.0034685134887695312,
    0.004659414291381836
  ],
  "endpoints": {
    "resources": 39,
    "rate-limit-status": 3,
    "ping": 7
  },
  "anomalous": false
}