{
  "user_id": "std_user_18",
  "user_type": "STD",
  "profile": "standard_medium",
  "requests_sent": 89,
  "requests_succeeded": 89,
  "requests_failed": 0,
  "requests_rate_limited": 0,
  "response_times": [
    1.5081796646118164,
    0.9763526916503906,
    0.60624098777771,
    0.46021366119384766,
    2.4790031909942627,
    0.3669276237487793,
    0.5316541194915771,
    4.529749155044556,
    0.9227676391601562,
    2.104689598083496,
    0.6493465900421143,
    2.3313305377960205,
    1.4346563816070557,
    0.3029446601867676,
    1.266632080078125,
    0.8724930286407471,
    0.8744921684265137,
    0.8744924068450928,
    0.8754949569702148,
    0.8764958381652832,
    0.8784945011138916,
    1.150571584701538,
    0.2627577781677246,
    0.3718528747558594,
    0.5769257545471191,
    0.33087992668151855,
    0.3366515636444092,
    0.3954136371612549,
    0.5040113925933838,
    0.22835063934326172,
    0.15011382102966309,
    0.23500323295593262,
    0.41778564453125,
    0.23747920989990234,
    0.08954596519470215,
    0.004003047943115234,
    0.038144826889038086,
    0.007003307342529297,
    0.0051801204681396484,
    0.0030014514923095703,
    0.052481889724731445,
    0.008999347686767578,
    0.02499556541442871,
    0.02499556541442871,
    0.02699732780456543,
    0.025995731353759766,
    0.027001142501831055,
    0.028000593185424805,
    0.005379199981689453,
    0.01233220100402832,
    0.003039121627807617,
    0.005439281463623047,
    0.0032401084899902344,
    0.006322145462036133,
    0.00609278678894043,
    0.033492088317871094,
    0.003738880157470703,
    0.0040204524993896484,
    0.005516767501831055,
    0.028104782104492188,
    0.024265766143798828,
    0.004051685333251953,
    0.05858135223388672,
    0.032714128494262695,
    0.01151418685913086,
    0.0025348663330078125,
    0.040574073791503906,
    0.010000228881835938,
    0.10979270935058594,
    0.0030014514923095703,
    0.0036797523498535156,
    0.004301786422729492,
    0.003000974655151367,
    0.003003835678100586,
    0.005008697509765625,
    0.005004167556762695,
    0.0030083656311035156,
    0.009587764739990234,
    0.015732526779174805,
    0.014734983444213867,
    0.015732526779174805,
    0.015732526779174805,
    0.017133712768554688,
    0.017133712768554688,
    0.01613616943359375,
    0.017141342163085938,
    0.017141342163085938,
    0.0022957324981689453,
    0.0041484832763671875
  ],
  "endpoints": {
    "resources": 71,
    "ping": 14,
    "rate-limit-status": 4
  },
  "anomalous": false
}