{
  "user_id": "std_user_7",
  "user_type": "STD",
  "profile": "standard_light",
  "requests_sent": 35,
  "requests_succeeded": 35,
  "requests_failed": 0,
  "requests_rate_limited": 0,
  "response_times": [
    0.03988170623779297,
    0.05788064002990723,
    0.06109118461608887,
    0.06109118461608887,
    0.41544342041015625,
    0.41768932342529297,
    0.0032651424407958984,
    0.5027329921722412,
    0.0644996166229248,
    0.0030019283294677734,
    0.003063201904296875,
    0.0020017623901367188,
    0.004212617874145508,
    0.0032405853271484375,
    0.003010272979736328,
    0.001997709274291992,
    0.002000570297241211,
    0.002003192901611328,
    0.001997709274291992,
    0.004007577896118164,
    0.0020012855529785156,
    0.0029807090759277344,
    0.002004384994506836,
    0.004113435745239258,
    0.0029823780059814453,
    0.0020906925201416016,
    0.002451181411743164,
    0.00500178337097168,
    0.006006002426147461,
    0.006006002426147461,
    0.0030028820037841797,
    0.0023488998413085938,
    0.002001523971557617,
    0.002008676528930664,
    0.0020766258239746094
  ],
  "endpoints": {
    "resources": 15,
    "ping": 15,
    "rate-limit-status": 5
  },
  "anomalous": false
}