{
  "user_id": "std_user_4",
  "user_type": "STD",
  "profile": "standard_medium",
  "requests_sent": 79,
  "requests_succeeded": 19,
  "requests_failed": 0,
  "requests_rate_limited": 60,
  "response_times": [
    0.023418426513671875,
    0.1816558837890625,
    0.10552358627319336,
    0.11453628540039062,
    0.11159086227416992,
    0.005074024200439453,
    0.004781246185302734,
    0.009251832962036133,
    0.005972623825073242,
    0.13529348373413086,
    0.09587621688842773,
    0.1426377296447754,
    0.02853560447692871,
    0.02971792221069336,
    0.03167366981506348,
    0.032675743103027344,
    0.032675743103027344,
    0.03367495536804199,
    0.03467559814453125,
    0.03467559814453125,
    0.014366388320922852,
    0.003101348876953125,
    0.004002809524536133,
    0.04990410804748535,
    0.04990410804748535,
    0.050904273986816406,
    0.05190443992614746,
    0.052904367446899414,
    0.052904367446899414,
    0.052904367446899414,
    0.05550980567932129,
    0.05602073669433594,
    0.017206668853759766,
    0.004001617431640625,
    0.008316755294799805,
    0.018296241760253906,
    0.037371158599853516,
    0.03837227821350098,
    0.039372920989990234,
    0.03937411308288574,
    0.040389060974121094,
    0.041391849517822266,
    0.041391849517822266,
    0.04238748550415039,
    0.041390180587768555,
    0.043386220932006836,
    0.012461662292480469,
    0.02469348907470703,
    0.02469348907470703,
    0.030376434326171875,
    0.03137040138244629,
    0.03137040138244629,
    0.032868146896362305,
    0.03386569023132324,
    0.026152849197387695,
    0.026152849197387695,
    0.03316354751586914,
    0.03365159034729004,
    0.03465723991394043,
    0.03465723991394043,
    0.03665781021118164,
    0.03765296936035156,
    0.14114904403686523,
    0.01600480079650879,
    0.03299880027770996,
    0.03299880027770996,
    0.03400158882141113,
    0.03500032424926758,
    0.03600144386291504,
    0.03701186180114746,
    0.03701186180114746,
    0.03900790214538574,
    0.03900790214538574,
    0.0050048828125,
    0.00565791130065918,
    0.0039865970611572266,
    0.0029840469360351562,
    0.006143093109130859,
    0.009144783020019531
  ],
  "endpoints": {
    "resources": 59,
    "ping": 15,
    "rate-limit-status": 5
  },
  "anomalous": false
}