{
  "user_id": "std_user_11",
  "user_type": "STD",
  "profile": "standard_medium",
  "requests_sent": 79,
  "requests_succeeded": 79,
  "requests_failed": 0,
  "requests_rate_limited": 0,
  "response_times": [
    0.12569046020507812,
    1.623152256011963,
    1.2989389896392822,
    1.3050546646118164,
    1.305077075958252,
    1.306089162826538,
    1.3070952892303467,
    1.3070952892303467,
    1.3080918788909912,
    1.3133831024169922,
    1.3133831024169922,
    1.872018814086914,
    0.4321582317352295,
    0.4812030792236328,
    0.6986737251281738,
    0.6996729373931885,
    0.7006714344024658,
    0.7019882202148438,
    0.7050023078918457,
    0.7059977054595947,
    0.7069976329803467,
    0.7079999446868896,
    0.7079999446868896,
    0.7102737426757812,
    0.7103641033172607,
    0.40736985206604004,
    0.6045870780944824,
    4.305963039398193,
    0.9184529781341553,
    2.123058557510376,
    0.6583468914031982,
    2.1333606243133545,
    0.6586601734161377,
    0.5602536201477051,
    2.1930689811706543,
    2.195078134536743,
    2.19507098197937,
    2.315591335296631,
    2.315591335296631,
    2.316591739654541,
    2.316591739654541,
    0.4833221435546875,
    0.29079294204711914,
    0.5830636024475098,
    0.41748046875,
    0.41748046875,
    0.4174811840057373,
    0.4194798469543457,
    0.41848254203796387,
    0.41848254203796387,
    0.4194786548614502,
    0.4454808235168457,
    0.44648003578186035,
    0.4494814872741699,
    0.26313328742980957,
    0.16761279106140137,
    0.12504315376281738,
    0.12504315376281738,
    0.12604022026062012,
    0.12604022026062012,
    0.20735883712768555,
    0.20735883712768555,
    0.20736336708068848,
    0.2083594799041748,
    0.208359956741333,
    0.09055447578430176,
    0.010025501251220703,
    0.09399652481079102,
    0.09499549865722656,
    0.09499549865722656,
    0.09599637985229492,
    0.09599637985229492,
    0.09699559211730957,
    0.09699559211730957,
    0.09799432754516602,
    0.09699678421020508,
    0.09800863265991211,
    0.09800863265991211,
    0.0989990234375
  ],
  "endpoints": {
    "resources": 62,
    "ping": 12,
    "rate-limit-status": 5
  },
  "anomalous": false
}