{
  "user_id": "std_user_1",
  "user_type": "STD",
  "profile": "standard_medium",
  "requests_sent": 81,
  "requests_succeeded": 15,
  "requests_failed": 0,
  "requests_rate_limited": 66,
  "response_times": [
    0.06915640830993652,
    0.011862039566040039,
    0.10486912727355957,
    0.8020939826965332,
    0.33331799507141113,
    0.10517311096191406,
    0.10519862174987793,
    0.005154848098754883,
    0.006417989730834961,
    0.10892367362976074,
    0.004506826400756836,
    0.001995086669921875,
    0.002995729446411133,
    0.004645109176635742,
    0.0022039413452148438,
    0.0024263858795166016,
    0.002005338668823242,
    0.0020029544830322266,
    0.002324819564819336,
    0.004169940948486328,
    0.0032324790954589844,
    0.10363292694091797,
    0.002148866653442383,
    0.00598907470703125,
    0.008982419967651367,
    0.007996559143066406,
    0.008995294570922852,
    0.008995294570922852,
    0.0032520294189453125,
    0.10488176345825195,
    0.004525184631347656,
    0.0020971298217773438,
    0.0030069351196289062,
    0.003000020980834961,
    0.0030014514923095703,
    0.0025129318237304688,
    0.0041658878326416016,
    0.007056474685668945,
    0.01277470588684082,
    0.01277470588684082,
    0.01377725601196289,
    0.01377725601196289,
    0.014778614044189453,
    0.014778614044189453,
    0.014778614044189453,
    0.004014253616333008,
    0.0023040771484375,
    0.004053354263305664,
    0.0025157928466796875,
    0.0022220611572265625,
    0.005021572113037109,
    0.006044864654541016,
    0.011635541915893555,
    0.011635541915893555,
    0.014826059341430664,
    0.014826059341430664,
    0.014826059341430664,
    0.014826059341430664,
    0.015826940536499023,
    0.015826940536499023,
    0.00400233268737793,
    0.0040836334228515625,
    0.005804538726806641,
    0.010378360748291016,
    0.010378360748291016,
    0.013540983200073242,
    0.013540983200073242,
    0.013540983200073242,
    0.013540983200073242,
    0.014935731887817383,
    0.014935731887817383,
    0.002000570297241211,
    0.0030014514923095703,
    0.007366657257080078,
    0.0021288394927978516,
    0.004055023193359375,
    0.0020694732666015625,
    0.0026886463165283203,
    0.003638744354248047,
    0.0023260116577148438,
    0.005602836608886719
  ],
  "endpoints": {
    "resources": 60,
    "ping": 20,
    "rate-limit-status": 1
  },
  "anomalous": false
}