{
  "user_id": "prm_user_1",
  "user_type": "PRM",
  "profile": "premium_light",
  "requests_sent": 34,
  "requests_succeeded": 34,
  "requests_failed": 0,
  "requests_rate_limited": 0,
  "response_times": [
    0.3764467239379883,
    0.005659818649291992,
    0.00452423095703125,
    0.3237497806549072,
    0.11159491539001465,
    0.005987644195556641,
    0.2282392978668213,
    0.22923827171325684,
    0.22974824905395508,
    0.2307593822479248,
    0.22976088523864746,
    0.23175787925720215,
    0.2317640781402588,
    0.23376035690307617,
    0.005034446716308594,
    0.007483243942260742,
    0.10778117179870605,
    0.10659980773925781,
    0.005125761032104492,
    0.01865553855895996,
    0.019671916961669922,
    0.020665407180786133,
    0.02168130874633789,
    0.02166152000427246,
    0.022652864456176758,
    0.004221200942993164,
    0.004343271255493164,
    0.004514455795288086,
    0.004532814025878906,
    0.007683753967285156,
    0.10886502265930176,
    0.0048067569732666016,
    0.004336118698120117,
    0.005002498626708984
  ],
  "endpoints": {
    "ping": 8,
    "resources": 24,
    "rate-limit-status": 2
  },
  "anomalous": false
}