{
  "user_id": "std_user_4",
  "user_type": "STD",
  "profile": "standard_medium",
  "requests_sent": 14,
  "requests_succeeded": 14,
  "requests_failed": 0,
  "requests_rate_limited": 0,
  "response_times": [
    2.4273855686187744,
    0.34692907333374023,
    0.2130441665649414,
    0.1455075740814209,
    0.10676169395446777,
    0.8658158779144287,
    0.11894822120666504,
    0.0050754547119140625,
    0.1776902675628662,
    0.10716533660888672,
    0.10580658912658691,
    0.10628104209899902,
    0.009233713150024414,
    0.10777091979980469
  ],
  "endpoints": {
    "resources": 13,
    "ping": 1
  },
  "anomalous": false
}