{
  "user_id": "std_user_15",
  "user_type": "STD",
  "profile": "standard_light",
  "requests_sent": 17,
  "requests_succeeded": 17,
  "requests_failed": 0,
  "requests_rate_limited": 0,
  "response_times": [
    1.1711220741271973,
    0.08936834335327148,
    0.08936142921447754,
    0.0927131175994873,
    0.09382915496826172,
    0.27083373069763184,
    1.4300599098205566,
    0.2763481140136719,
    1.0477473735809326,
    0.6922907829284668,
    2.7223596572875977,
    1.7402474880218506,
    0.15378570556640625,
    0.27582216262817383,
    0.148101806640625,
    0.06552457809448242,
    0.00600886344909668
  ],
  "endpoints": {
    "resources": 8,
    "ping": 6,
    "rate-limit-status": 3
  },
  "anomalous": false
}