{
  "user_id": "std_user_2",
  "user_type": "STD",
  "profile": "standard_medium",
  "requests_sent": 47,
  "requests_succeeded": 19,
  "requests_failed": 0,
  "requests_rate_limited": 28,
  "response_times": [
    0.2740514278411865,
    0.006113290786743164,
    0.14832282066345215,
    0.006014585494995117,
    0.0035181045532226562,
    0.012482166290283203,
    0.005059719085693359,
    0.006971120834350586,
    0.03307032585144043,
    0.03190803527832031,
    0.03392982482910156,
    0.03493952751159668,
    0.03692936897277832,
    0.03692936897277832,
    0.038033246994018555,
    0.0380091667175293,
    0.0380091667175293,
    0.039010047912597656,
    0.0060307979583740234,
    0.004994869232177734,
    0.004024505615234375,
    0.0041599273681640625,
    0.007002830505371094,
    0.003960371017456055,
    0.10520553588867188,
    0.003998517990112305,
    0.0042476654052734375,
    0.004213809967041016,
    0.005000591278076172,
    0.003973960876464844,
    0.0040018558502197266,
    0.004302978515625,
    0.004649639129638672,
    0.0032110214233398438,
    0.03732490539550781,
    0.03832840919494629,
    0.03832840919494629,
    0.04033160209655762,
    0.04133152961730957,
    0.04033017158508301,
    0.04132843017578125,
    0.04132843017578125,
    0.044327735900878906,
    0.043326377868652344,
    0.04532814025878906,
    0.04532814025878906,
    0.004975557327270508
  ],
  "endpoints": {
    "resources": 33,
    "ping": 11,
    "rate-limit-status": 3
  },
  "anomalous": false
}