{
  "user_id": "std_user_3",
  "user_type": "STD",
  "profile": "standard_medium",
  "requests_sent": 33,
  "requests_succeeded": 19,
  "requests_failed": 0,
  "requests_rate_limited": 14,
  "response_times": [
    0.3176734447479248,
    0.024482011795043945,
    0.005246400833129883,
    0.16491389274597168,
    0.3220820426940918,
    0.4631662368774414,
    0.1521592140197754,
    0.11123299598693848,
    0.10939264297485352,
    0.10554146766662598,
    0.12757563591003418,
    0.12863850593566895,
    0.12863850593566895,
    0.1299912929534912,
    0.13098764419555664,
    0.13098764419555664,
    0.13200163841247559,
    0.004239082336425781,
    0.006205558776855469,
    0.0039615631103515625,
    0.007146358489990234,
    0.0035326480865478516,
    0.004385471343994141,
    0.004104137420654297,
    0.00449371337890625,
    0.003990650177001953,
    0.0782613754272461,
    0.003993511199951172,
    0.005010128021240234,
    0.0040035247802734375,
    0.0039768218994140625,
    0.0039746761322021484,
    0.011164426803588867
  ],
  "endpoints": {
    "resources": 24,
    "rate-limit-status": 1,
    "ping": 8
  },
  "anomalous": false
}