{
  "user_id": "std_user_4",
  "user_type": "STD",
  "profile": "standard_light",
  "requests_sent": 75,
  "requests_succeeded": 40,
  "requests_failed": 0,
  "requests_rate_limited": 35,
  "response_times": [
    0.03439927101135254,
    0.004000663757324219,
    0.003999471664428711,
    0.002034425735473633,
    0.005290985107421875,
    0.003097057342529297,
    0.0030014514923095703,
    0.0030062198638916016,
    0.005115032196044922,
    0.002847433090209961,
    0.008002042770385742,
    0.010007619857788086,
    0.011007308959960938,
    0.009033203125,
    0.010050296783447266,
    0.01105046272277832,
    0.0061376094818115234,
    0.004001140594482422,
    0.003476858139038086,
    0.0030019283294677734,
    0.0039806365966796875,
    0.003999948501586914,
    0.0039825439453125,
    0.003980875015258789,
    0.0033822059631347656,
    0.004000663757324219,
    0.004004478454589844,
    0.005002498626708984,
    0.004001617431640625,
    0.02149343490600586,
    0.02149343490600586,
    0.022495031356811523,
    0.023496627807617188,
    0.022499561309814453,
    0.023499727249145508,
    0.02549457550048828,
    0.007159233093261719,
    0.0024640560150146484,
    0.0024454593658447266,
    0.02976846694946289,
    0.002466917037963867,
    0.003001689910888672,
    0.003002643585205078,
    0.0029926300048828125,
    0.0033257007598876953,
    0.0027098655700683594,
    0.005280494689941406,
    0.0023474693298339844,
    0.002419710159301758,
    0.0030019283294677734,
    0.004551887512207031,
    0.0032165050506591797,
    0.0035865306854248047,
    0.003447294235229492,
    0.0030798912048339844,
    0.0059545040130615234,
    0.004956245422363281,
    0.007269144058227539,
    0.0024330615997314453,
    0.0031075477600097656,
    0.003007173538208008,
    0.003186941146850586,
    0.002198457717895508,
    0.003008127212524414,
    0.0032389163970947266,
    0.002296924591064453,
    0.003095388412475586,
    0.002361774444580078,
    0.0031778812408447266,
    0.004117488861083984,
    0.00396418571472168,
    0.0030019283294677734,
    0.0027265548706054688,
    0.003264904022216797,
    0.0021486282348632812
  ],
  "endpoints": {
    "ping": 26,
    "resources": 41,
    "rate-limit-status": 8
  },
  "anomalous": false
}