{
  "user_id": "std_user_2",
  "user_type": "STD",
  "profile": "standard_light",
  "requests_sent": 21,
  "requests_succeeded": 21,
  "requests_failed": 0,
  "requests_rate_limited": 0,
  "response_times": [
    2.7197139263153076,
    0.10278487205505371,
    0.020580291748046875,
    1.7693705558776855,
    0.7761833667755127,
    0.3781619071960449,
    0.33435487747192383,
    0.33635997772216797,
    0.40836119651794434,
    0.4103512763977051,
    2.0285139083862305,
    2.047205686569214,
    0.02299976348876953,
    0.023997068405151367,
    0.02500438690185547,
    0.0260007381439209,
    0.026997089385986328,
    0.01200103759765625,
    0.004998922348022461,
    0.007595539093017578,
    0.00792837142944336
  ],
  "endpoints": {
    "rate-limit-status": 4,
    "resources": 9,
    "ping": 8
  },
  "anomalous": false
}