{
  "user_id": "std_user_0",
  "user_type": "STD",
  "profile": "standard_light",
  "requests_sent": 21,
  "requests_succeeded": 21,
  "requests_failed": 0,
  "requests_rate_limited": 0,
  "response_times": [
    0.28028082847595215,
    0.003354787826538086,
    0.003935575485229492,
    0.0031595230102539062,
    0.003553152084350586,
    0.012906074523925781,
    0.004004001617431641,
    0.013079643249511719,
    0.0034165382385253906,
    0.002713918685913086,
    0.0035619735717773438,
    0.005460023880004883,
    0.0032739639282226562,
    0.0035483837127685547,
    0.013463497161865234,
    0.019061803817749023,
    0.019061803817749023,
    0.020172119140625,
    0.020172119140625,
    0.022898435592651367,
    0.022898435592651367
  ],
  "endpoints": {
    "resources": 16,
    "rate-limit-status": 2,
    "ping": 3
  },
  "anomalous": false
}