{
  "user_id": "std_user_4",
  "user_type": "STD",
  "profile": "standard_medium",
  "requests_sent": 49,
  "requests_succeeded": 37,
  "requests_failed": 0,
  "requests_rate_limited": 12,
  "response_times": [
    0.25383520126342773,
    0.10704755783081055,
    0.006998777389526367,
    0.0044515132904052734,
    0.11104798316955566,
    0.7431204319000244,
    0.7732362747192383,
    0.7742393016815186,
    0.7742393016815186,
    0.7803652286529541,
    0.7803652286529541,
    0.7813642024993896,
    0.7803635597229004,
    0.7803635597229004,
    0.7823641300201416,
    0.7823641300201416,
    0.7833638191223145,
    0.004042625427246094,
    0.019481658935546875,
    0.10719871520996094,
    0.004033327102661133,
    0.003995656967163086,
    0.0040130615234375,
    0.22417283058166504,
    0.23253512382507324,
    0.23368358612060547,
    0.33609914779663086,
    0.33609914779663086,
    0.3371121883392334,
    0.3391273021697998,
    0.02187204360961914,
    0.0041768550872802734,
    0.10466670989990234,
    0.010227680206298828,
    0.004000186920166016,
    0.0049953460693359375,
    0.003996610641479492,
    0.003998756408691406,
    0.003998279571533203,
    0.008031368255615234,
    0.006002664566040039,
    0.002996206283569336,
    0.00299835205078125,
    0.004000425338745117,
    0.0040149688720703125,
    0.011447906494140625,
    0.004002571105957031,
    0.007007122039794922,
    0.007641792297363281
  ],
  "endpoints": {
    "resources": 35,
    "ping": 11,
    "rate-limit-status": 3
  },
  "anomalous": false
}