{
  "user_id": "std_user_2",
  "user_type": "STD",
  "profile": "standard_light",
  "requests_sent": 13,
  "requests_succeeded": 13,
  "requests_failed": 0,
  "requests_rate_limited": 0,
  "response_times": [
    0.02341914176940918,
    0.003997802734375,
    0.004446744918823242,
    0.0050885677337646484,
    0.004797935485839844,
    0.005017280578613281,
    0.007676362991333008,
    0.046768903732299805,
    0.009992837905883789,
    0.0050046443939208984,
    0.004990577697753906,
    0.009001016616821289,
    0.05784010887145996
  ],
  "endpoints": {
    "ping": 4,
    "resources": 8,
    "rate-limit-status": 1
  },
  "anomalous": false
}