{
  "user_id": "prm_user_0",
  "user_type": "PRM",
  "profile": "premium_light",
  "requests_sent": 62,
  "requests_succeeded": 62,
  "requests_failed": 0,
  "requests_rate_limited": 0,
  "response_times": [
    0.2971930503845215,
    0.014876365661621094,
    0.027443408966064453,
    0.028458833694458008,
    0.057147979736328125,
    0.05914735794067383,
    0.05914497375488281,
    0.06014752388000488,
    0.0661478042602539,
    0.06864452362060547,
    0.07371377944946289,
    0.0025482177734375,
    0.003001689910888672,
    0.0034050941467285156,
    0.003737926483154297,
    0.0049822330474853516,
    0.002997159957885742,
    0.0032346248626708984,
    0.003009319305419922,
    0.003988027572631836,
    0.003986835479736328,
    0.004002094268798828,
    0.01089024543762207,
    0.016746044158935547,
    0.016746044158935547,
    0.017870664596557617,
    0.018357515335083008,
    0.010000944137573242,
    0.017987728118896484,
    0.018988370895385742,
    0.020003795623779297,
    0.02199101448059082,
    0.021997451782226562,
    0.022989749908447266,
    0.003962993621826172,
    0.0044078826904296875,
    0.00397491455078125,
    0.003999233245849609,
    0.004003763198852539,
    0.004211902618408203,
    0.003470897674560547,
    0.004149913787841797,
    0.0033376216888427734,
    0.003671884536743164,
    0.0890653133392334,
    0.02841806411743164,
    0.004001617431640625,
    0.003677845001220703,
    0.003996372222900391,
    0.003845691680908203,
    0.003002643585205078,
    0.004485130310058594,
    0.0042459964752197266,
    0.015403032302856445,
    0.023951053619384766,
    0.02494645118713379,
    0.025949716567993164,
    0.027077436447143555,
    0.027077436447143555,
    0.027077436447143555,
    0.006994009017944336,
    0.009996175765991211
  ],
  "endpoints": {
    "ping": 13,
    "resources": 42,
    "rate-limit-status": 7
  },
  "anomalous": false
}