{
  "user_id": "std_user_15",
  "user_type": "STD",
  "profile": "standard_light",
  "requests_sent": 30,
  "requests_succeeded": 30,
  "requests_failed": 0,
  "requests_rate_limited": 0,
  "response_times": [
    1.4972286224365234,
    2.3141138553619385,
    2.32011079788208,
    0.4864482879638672,
    0.7903625965118408,
    1.9308509826660156,
    0.6736080646514893,
    0.5437045097351074,
    0.006498575210571289,
    0.013581991195678711,
    0.004271984100341797,
    0.004732370376586914,
    0.007999658584594727,
    0.006001710891723633,
    0.003997802734375,
    0.011747360229492188,
    0.008155107498168945,
    0.004004955291748047,
    0.002999544143676758,
    0.004014015197753906,
    0.12228202819824219,
    0.003000974655151367,
    0.004003286361694336,
    0.0020737648010253906,
    0.0031235218048095703,
    0.11544990539550781,
    0.007001638412475586,
    0.002001047134399414,
    0.003000974655151367,
    0.0062713623046875
  ],
  "endpoints": {
    "ping": 16,
    "rate-limit-status": 2,
    "resources": 12
  },
  "anomalous": false
}