{
  "user_id": "std_user_1",
  "user_type": "STD",
  "profile": "standard_heavy",
  "requests_sent": 84,
  "requests_succeeded": 17,
  "requests_failed": 0,
  "requests_rate_limited": 67,
  "response_times": [
    0.03382992744445801,
    0.008462190628051758,
    0.038507938385009766,
    0.040547847747802734,
    0.04338788986206055,
    0.04438900947570801,
    0.04538774490356445,
    0.04536128044128418,
    0.04536128044128418,
    0.04636216163635254,
    0.04636216163635254,
    0.04738616943359375,
    0.04738616943359375,
    0.047370195388793945,
    0.008018016815185547,
    0.0039751529693603516,
    0.0030014514923095703,
    0.005552768707275391,
    0.003493070602416992,
    0.0050203800201416016,
    0.005505800247192383,
    0.0031816959381103516,
    0.003444194793701172,
    0.007639884948730469,
    0.013008356094360352,
    0.014314413070678711,
    0.02355194091796875,
    0.024640560150146484,
    0.024640560150146484,
    0.024149656295776367,
    0.02615642547607422,
    0.02615642547607422,
    0.02615642547607422,
    0.027156352996826172,
    0.026157855987548828,
    0.00446009635925293,
    0.003385782241821289,
    0.005136013031005859,
    0.007473945617675781,
    0.01420903205871582,
    0.012745380401611328,
    0.02224898338317871,
    0.023248910903930664,
    0.023248910903930664,
    0.023248910903930664,
    0.02424764633178711,
    0.02424764633178711,
    0.025257110595703125,
    0.025257110595703125,
    0.05157113075256348,
    0.003000497817993164,
    0.0047149658203125,
    0.003266572952270508,
    0.003556489944458008,
    0.03296303749084473,
    0.004487514495849609,
    0.003351926803588867,
    0.009807586669921875,
    0.02092742919921875,
    0.021924972534179688,
    0.03993582725524902,
    0.04121971130371094,
    0.04121971130371094,
    0.04222512245178223,
    0.0442197322845459,
    0.0442197322845459,
    0.045217275619506836,
    0.045217275619506836,
    0.04622054100036621,
    0.04622054100036621,
    0.04622530937194824,
    0.04722332954406738,
    0.0030400753021240234,
    0.0030236244201660156,
    0.004961252212524414,
    0.004225730895996094,
    0.0033686161041259766,
    0.004255533218383789,
    0.0039942264556884766,
    0.003413677215576172,
    0.003000020980834961,
    0.003463268280029297,
    0.004545450210571289,
    0.0075795650482177734
  ],
  "endpoints": {
    "resources": 78,
    "ping": 6
  },
  "anomalous": false
}