{
  "user_id": "prm_user_9",
  "user_type": "PRM",
  "profile": "premium_light",
  "requests_sent": 17,
  "requests_succeeded": 17,
  "requests_failed": 0,
  "requests_rate_limited": 0,
  "response_times": [
    1.1636252403259277,
    0.8035228252410889,
    0.3018043041229248,
    1.2815237045288086,
    0.4581012725830078,
    0.8975124359130859,
    2.189190149307251,
    1.9918272495269775,
    0.46895337104797363,
    0.4823601245880127,
    0.5964310169219971,
    0.9515130519866943,
    0.29370880126953125,
    0.37009692192077637,
    0.1700594425201416,
    0.10936355590820312,
    0.003732919692993164
  ],
  "endpoints": {
    "resources": 16,
    "ping": 1
  },
  "anomalous": false
}