{
  "user_id": "prm_user_6",
  "user_type": "PRM",
  "profile": "premium_light",
  "requests_sent": 60,
  "requests_succeeded": 60,
  "requests_failed": 0,
  "requests_rate_limited": 0,
  "response_times": [
    1.1596195697784424,
    0.17992830276489258,
    1.2587735652923584,
    1.6291673183441162,
    0.6395778656005859,
    1.2308204174041748,
    0.30204105377197266,
    0.39174985885620117,
    0.6345396041870117,
    0.7822904586791992,
    4.219621181488037,
    0.9381089210510254,
    2.129730463027954,
    0.6673462390899658,
    2.1353631019592285,
    0.6746597290039062,
    0.5372588634490967,
    0.22102618217468262,
    2.3796467781066895,
    2.3886525630950928,
    2.3876521587371826,
    2.396167516708374,
    2.3951659202575684,
    2.4051666259765625,
    2.4101691246032715,
    0.7578723430633545,
    0.379000186920166,
    0.23584318161010742,
    1.3527543544769287,
    1.6925787925720215,
    0.5531411170959473,
    0.1388387680053711,
    0.13599658012390137,
    0.47233104705810547,
    0.47333240509033203,
    0.4723246097564697,
    0.485335111618042,
    0.485335111618042,
    0.4853241443634033,
    0.4863319396972656,
    0.48632311820983887,
    0.6859965324401855,
    0.40805840492248535,
    0.1313307285308838,
    0.2669558525085449,
    0.23488116264343262,
    0.22809839248657227,
    0.2425673007965088,
    0.08170366287231445,
    0.028000593185424805,
    0.028000593185424805,
    0.02699565887451172,
    0.02899909019470215,
    0.02899909019470215,
    0.03000020980834961,
    0.03000020980834961,
    0.031007051467895508,
    0.08914613723754883,
    0.013004064559936523,
    0.04932427406311035
  ],
  "endpoints": {
    "resources": 45,
    "ping": 12,
    "rate-limit-status": 3
  },
  "anomalous": false
}