{
  "user_id": "std_user_1",
  "user_type": "STD",
  "profile": "standard_medium",
  "requests_sent": 56,
  "requests_succeeded": 2,
  "requests_failed": 0,
  "requests_rate_limited": 54,
  "response_times": [
    0.6323671340942383,
    0.1065523624420166,
    1.6301519870758057,
    0.640580415725708,
    1.2237987518310547,
    0.36956286430358887,
    0.7954411506652832,
    1.765641212463379,
    4.070845127105713,
    2.193204402923584,
    0.5698771476745605,
    2.6258535385131836,
    2.6258535385131836,
    2.6258535385131836,
    2.6258535385131836,
    2.625856637954712,
    2.6268606185913086,
    2.625856637954712,
    2.6268513202667236,
    2.6268513202667236,
    2.627849578857422,
    2.6408560276031494,
    0.6270263195037842,
    0.634042501449585,
    1.1694436073303223,
    1.0908420085906982,
    0.6185400485992432,
    0.21260762214660645,
    0.28447771072387695,
    0.6856398582458496,
    0.2626326084136963,
    0.33982205390930176,
    0.37598586082458496,
    0.40297412872314453,
    0.2779979705810547,
    0.7680623531341553,
    0.3985321521759033,
    0.01800847053527832,
    0.026016712188720703,
    0.02701258659362793,
    0.02801227569580078,
    0.02801227569580078,
    0.029011011123657227,
    0.028014183044433594,
    0.029012203216552734,
    0.029012203216552734,
    0.10027217864990234,
    0.059850454330444336,
    0.06485295295715332,
    0.06485295295715332,
    0.06585073471069336,
    0.06685066223144531,
    0.06761479377746582,
    0.06965899467468262,
    0.0706791877746582,
    0.07118391990661621
  ],
  "endpoints": {
    "resources": 43,
    "rate-limit-status": 3,
    "ping": 10
  },
  "anomalous": false
}