{
  "user_id": "std_user_5",
  "user_type": "STD",
  "profile": "standard_medium",
  "requests_sent": 54,
  "requests_succeeded": 20,
  "requests_failed": 0,
  "requests_rate_limited": 34,
  "response_times": [
    0.6503589153289795,
    0.6092228889465332,
    0.8004899024963379,
    1.717761516571045,
    1.6742589473724365,
    1.6743309497833252,
    1.6803970336914062,
    1.6794037818908691,
    1.6803970336914062,
    1.6846842765808105,
    1.6877062320709229,
    1.6887030601501465,
    1.4429152011871338,
    4.658087253570557,
    2.710808515548706,
    2.5405478477478027,
    0.8470170497894287,
    0.6246316432952881,
    2.6638529300689697,
    0.5023047924041748,
    0.5456714630126953,
    0.5476703643798828,
    0.5486726760864258,
    0.5496771335601807,
    0.5496771335601807,
    0.5536916255950928,
    0.553692102432251,
    0.5579812526702881,
    0.5589754581451416,
    0.5589754581451416,
    0.5599765777587891,
    0.5599765777587891,
    0.5609779357910156,
    0.5599815845489502,
    0.29694104194641113,
    1.178194284439087,
    0.4010441303253174,
    0.4010441303253174,
    0.40705037117004395,
    0.40705037117004395,
    0.4110443592071533,
    0.4110443592071533,
    0.4120447635650635,
    0.4120473861694336,
    0.4120473861694336,
    1.6560821533203125,
    0.28052759170532227,
    0.8748440742492676,
    0.3377492427825928,
    0.1999053955078125,
    0.19646143913269043,
    0.2316131591796875,
    0.40607452392578125,
    0.0070018768310546875
  ],
  "endpoints": {
    "resources": 40,
    "ping": 11,
    "rate-limit-status": 3
  },
  "anomalous": false
}