{
  "user_id": "std_user_4",
  "user_type": "STD",
  "profile": "standard_light",
  "requests_sent": 13,
  "requests_succeeded": 13,
  "requests_failed": 0,
  "requests_rate_limited": 0,
  "response_times": [
    0.27405357360839844,
    0.004700183868408203,
    0.003880739212036133,
    0.00804591178894043,
    0.0038704872131347656,
    0.004481792449951172,
    0.005000114440917969,
    0.004584074020385742,
    0.005487680435180664,
    0.004521608352661133,
    0.06194353103637695,
    0.005518913269042969,
    0.008692264556884766
  ],
  "endpoints": {
    "resources": 8,
    "ping": 4,
    "rate-limit-status": 1
  },
  "anomalous": false
}