{
  "user_id": "std_user_3",
  "user_type": "STD",
  "profile": "standard_light",
  "requests_sent": 48,
  "requests_succeeded": 44,
  "requests_failed": 0,
  "requests_rate_limited": 4,
  "response_times": [
    0.07210969924926758,
    0.02233147621154785,
    0.004476308822631836,
    0.004539966583251953,
    1.1171798706054688,
    0.018422842025756836,
    0.020427703857421875,
    0.019344329833984375,
    0.020578384399414062,
    0.022045373916625977,
    0.022045373916625977,
    0.0229949951171875,
    0.004000663757324219,
    0.0040051937103271484,
    0.0036237239837646484,
    0.0024535655975341797,
    0.0033698081970214844,
    0.0030946731567382812,
    0.00421595573425293,
    0.0020003318786621094,
    0.14152932167053223,
    0.00501561164855957,
    0.0030002593994140625,
    0.003000974655151367,
    0.005000591278076172,
    0.00503230094909668,
    0.00434422492980957,
    0.019455671310424805,
    0.0030014514923095703,
    0.004004240036010742,
    0.0031023025512695312,
    0.0050013065338134766,
    0.0031938552856445312,
    0.002993345260620117,
    0.0030050277709960938,
    0.004395723342895508,
    0.002120494842529297,
    0.0030050277709960938,
    0.0036749839782714844,
    0.003182649612426758,
    0.01249241828918457,
    0.01249241828918457,
    0.01249241828918457,
    0.012015581130981445,
    0.013492107391357422,
    0.014494895935058594,
    0.015495061874389648,
    0.0030031204223632812
  ],
  "endpoints": {
    "resources": 35,
    "ping": 10,
    "rate-limit-status": 3
  },
  "anomalous": false
}