{
  "user_id": "std_user_0",
  "user_type": "STD",
  "profile": "standard_medium",
  "requests_sent": 66,
  "requests_succeeded": 66,
  "requests_failed": 0,
  "requests_rate_limited": 0,
  "response_times": [
    2.5985350608825684,
    0.5048079490661621,
    0.504732608795166,
    0.504732608795166,
    0.5077688694000244,
    0.5077688694000244,
    0.5057718753814697,
    0.50876784324646,
    0.5087401866912842,
    0.5107660293579102,
    0.5087714195251465,
    0.5097708702087402,
    0.007444858551025391,
    0.10900616645812988,
    0.17857980728149414,
    0.004992485046386719,
    0.0030007362365722656,
    0.005967378616333008,
    0.0049555301666259766,
    0.11300015449523926,
    0.023988962173461914,
    0.06503415107727051,
    0.06499981880187988,
    0.06699943542480469,
    0.0670011043548584,
    0.06999707221984863,
    0.06199908256530762,
    0.06499171257019043,
    0.06799960136413574,
    0.06800222396850586,
    0.06899690628051758,
    0.005027055740356445,
    0.11799979209899902,
    0.003964662551879883,
    0.013461112976074219,
    0.0360720157623291,
    0.03807234764099121,
    0.04107260704040527,
    0.04207301139831543,
    0.04207015037536621,
    0.04408597946166992,
    0.04208517074584961,
    0.04407167434692383,
    0.04407095909118652,
    0.04507136344909668,
    0.005800962448120117,
    0.008061885833740234,
    0.003910541534423828,
    0.003999233245849609,
    0.00699615478515625,
    0.006998300552368164,
    0.0049686431884765625,
    0.01385045051574707,
    0.03829002380371094,
    0.03542971611022949,
    0.037293195724487305,
    0.039292335510253906,
    0.040293216705322266,
    0.039292335510253906,
    0.04329371452331543,
    0.04190373420715332,
    0.04203963279724121,
    0.004998207092285156,
    0.014016151428222656,
    0.04102516174316406,
    0.03599953651428223
  ],
  "endpoints": {
    "resources": 50,
    "ping": 14,
    "rate-limit-status": 2
  },
  "anomalous": false
}