{
  "user_id": "std_user_3",
  "user_type": "STD",
  "profile": "standard_light",
  "requests_sent": 18,
  "requests_succeeded": 18,
  "requests_failed": 0,
  "requests_rate_limited": 0,
  "response_times": [
    0.29743123054504395,
    0.009325265884399414,
    0.004514455795288086,
    0.044396162033081055,
    0.005005359649658203,
    0.005664348602294922,
    0.026000499725341797,
    0.028001785278320312,
    0.02699899673461914,
    0.0034780502319335938,
    0.006006002426147461,
    0.006083011627197266,
    0.0040013790130615234,
    0.0052776336669921875,
    0.003000974655151367,
    0.015718936920166016,
    0.012022256851196289,
    0.0049991607666015625
  ],
  "endpoints": {
    "resources": 11,
    "ping": 7
  },
  "anomalous": false
}