{
  "user_id": "std_user_4",
  "user_type": "STD",
  "profile": "standard_light",
  "requests_sent": 30,
  "requests_succeeded": 19,
  "requests_failed": 0,
  "requests_rate_limited": 11,
  "response_times": [
    2.6543333530426025,
    0.843451976776123,
    0.8665390014648438,
    2.0680177211761475,
    1.0945665836334229,
    0.054988861083984375,
    0.019469022750854492,
    0.08092498779296875,
    0.03635096549987793,
    0.00700068473815918,
    0.03452444076538086,
    0.005002260208129883,
    0.15478897094726562,
    0.017011642456054688,
    0.0050089359283447266,
    0.008031129837036133,
    0.0039942264556884766,
    0.0041866302490234375,
    0.020773887634277344,
    0.005448818206787109,
    0.07958292961120605,
    0.0055162906646728516,
    0.0040018558502197266,
    0.004981279373168945,
    0.004003763198852539,
    0.023272275924682617,
    0.003086566925048828,
    0.005058765411376953,
    0.007525444030761719,
    0.2552664279937744
  ],
  "endpoints": {
    "resources": 23,
    "ping": 6,
    "rate-limit-status": 1
  },
  "anomalous": false
}