{
  "user_id": "std_user_4",
  "user_type": "STD",
  "profile": "standard_light",
  "requests_sent": 18,
  "requests_succeeded": 18,
  "requests_failed": 0,
  "requests_rate_limited": 0,
  "response_times": [
    0.3001880645751953,
    0.003998517990112305,
    0.03598356246948242,
    0.006003856658935547,
    0.004990816116333008,
    0.039920806884765625,
    0.005003213882446289,
    0.009293079376220703,
    0.005517721176147461,
    0.004239082336425781,
    0.005362987518310547,
    0.005324840545654297,
    0.00514674186706543,
    0.008219242095947266,
    0.0049626827239990234,
    0.004984140396118164,
    0.005049467086791992,
    0.0041961669921875
  ],
  "endpoints": {
    "resources": 7,
    "rate-limit-status": 2,
    "ping": 9
  },
  "anomalous": false
}