{
  "user_id": "std_user_0",
  "user_type": "STD",
  "profile": "standard_medium",
  "requests_sent": 26,
  "requests_succeeded": 26,
  "requests_failed": 0,
  "requests_rate_limited": 0,
  "response_times": [
    0.3044865131378174,
    0.005999565124511719,
    0.004000186920166016,
    0.019004106521606445,
    0.6486434936523438,
    0.008005619049072266,
    0.0029981136322021484,
    0.00500941276550293,
    0.7455003261566162,
    0.0029997825622558594,
    0.003110647201538086,
    0.004003286361694336,
    0.183152437210083,
    0.004009246826171875,
    0.0029952526092529297,
    0.010453939437866211,
    0.019454002380371094,
    0.01995539665222168,
    0.020946979522705078,
    0.021949291229248047,
    0.021949291229248047,
    0.022950172424316406,
    0.022950172424316406,
    0.0029976367950439453,
    0.003355741500854492,
    0.0071566104888916016
  ],
  "endpoints": {
    "resources": 20,
    "ping": 5,
    "rate-limit-status": 1
  },
  "anomalous": false
}