{
  "user_id": "std_user_3",
  "user_type": "STD",
  "profile": "standard_medium",
  "requests_sent": 41,
  "requests_succeeded": 25,
  "requests_failed": 0,
  "requests_rate_limited": 16,
  "response_times": [
    0.6348426342010498,
    1.1973700523376465,
    1.1993725299835205,
    1.200857400894165,
    1.200857400894165,
    1.2018742561340332,
    2.288851737976074,
    0.5338504314422607,
    1.1803562641143799,
    0.7299530506134033,
    3.3841359615325928,
    2.54457688331604,
    2.541022777557373,
    0.8653707504272461,
    1.6604647636413574,
    0.391002893447876,
    0.49429988861083984,
    0.49830079078674316,
    0.49930334091186523,
    0.49930477142333984,
    0.4993009567260742,
    0.500300407409668,
    0.5023009777069092,
    0.5042984485626221,
    0.593611478805542,
    1.1379103660583496,
    0.4110453128814697,
    1.6550822257995605,
    0.29747557640075684,
    0.22121143341064453,
    0.4216783046722412,
    0.34279751777648926,
    0.639970064163208,
    0.12057304382324219,
    0.17334580421447754,
    0.17433929443359375,
    0.17534518241882324,
    0.1773395538330078,
    0.1773395538330078,
    0.3167269229888916,
    0.18616676330566406
  ],
  "endpoints": {
    "resources": 27,
    "ping": 11,
    "rate-limit-status": 3
  },
  "anomalous": false
}