{
  "user_id": "std_user_1",
  "user_type": "STD",
  "profile": "standard_light",
  "requests_sent": 15,
  "requests_succeeded": 3,
  "requests_failed": 0,
  "requests_rate_limited": 12,
  "response_times": [
    0.7650768756866455,
    0.0029981136322021484,
    0.004000663757324219,
    0.0030050277709960938,
    0.006001710891723633,
    0.0033371448516845703,
    0.00299835205078125,
    0.004002094268798828,
    0.002997875213623047,
    0.005017757415771484,
    0.003669261932373047,
    0.0031003952026367188,
    0.0033903121948242188,
    0.0029997825622558594,
    0.003995656967163086
  ],
  "endpoints": {
    "ping": 4,
    "resources": 10,
    "rate-limit-status": 1
  },
  "anomalous": false
}