{
  "user_id": "std_user_6",
  "user_type": "STD",
  "profile": "standard_light",
  "requests_sent": 14,
  "requests_succeeded": 14,
  "requests_failed": 0,
  "requests_rate_limited": 0,
  "response_times": [
    0.02295851707458496,
    0.026530027389526367,
    0.002980470657348633,
    0.003980875015258789,
    0.004997730255126953,
    0.005003690719604492,
    0.004008769989013672,
    0.003155946731567383,
    0.0030014514923095703,
    0.0029888153076171875,
    0.0040035247802734375,
    0.006010770797729492,
    0.004000663757324219,
    0.002997159957885742
  ],
  "endpoints": {
    "ping": 4,
    "resources": 9,
    "rate-limit-status": 1
  },
  "anomalous": false
}