{
  "user_id": "std_user_0",
  "user_type": "STD",
  "profile": "standard_medium",
  "requests_sent": 33,
  "requests_succeeded": 33,
  "requests_failed": 0,
  "requests_rate_limited": 0,
  "response_times": [
    0.31675100326538086,
    0.009954452514648438,
    0.2878248691558838,
    0.003991603851318359,
    0.2122633457183838,
    0.007405281066894531,
    0.004934787750244141,
    0.07297468185424805,
    0.0026717185974121094,
    0.004779815673828125,
    0.004001140594482422,
    0.005000591278076172,
    0.01100301742553711,
    0.03161430358886719,
    0.03161430358886719,
    0.038039207458496094,
    0.038039207458496094,
    0.03903651237487793,
    0.04004716873168945,
    0.04004716873168945,
    0.041040658950805664,
    0.042226314544677734,
    0.04324650764465332,
    0.0041692256927490234,
    0.004004955291748047,
    0.004374980926513672,
    0.007004976272583008,
    0.002988576889038086,
    0.006999969482421875,
    0.004002809524536133,
    0.0039904117584228516,
    0.0032808780670166016,
    0.004006147384643555
  ],
  "endpoints": {
    "resources": 24,
    "rate-limit-status": 6,
    "ping": 3
  },
  "anomalous": false
}