{
  "user_id": "std_user_2",
  "user_type": "STD",
  "profile": "standard_heavy",
  "requests_sent": 47,
  "requests_succeeded": 33,
  "requests_failed": 0,
  "requests_rate_limited": 14,
  "response_times": [
    2.431382894515991,
    0.34592390060424805,
    0.21204090118408203,
    0.010000944137573242,
    0.004000425338745117,
    0.005089282989501953,
    0.22373509407043457,
    0.34601712226867676,
    0.1228799819946289,
    0.10730385780334473,
    0.4734489917755127,
    1.2046515941619873,
    0.1074066162109375,
    0.20539331436157227,
    0.10577273368835449,
    0.007542610168457031,
    0.20742011070251465,
    0.015164613723754883,
    0.11046671867370605,
    0.10614728927612305,
    0.8455443382263184,
    0.8475832939147949,
    0.8454458713531494,
    0.8475794792175293,
    0.8475794792175293,
    0.8495795726776123,
    0.8485779762268066,
    0.850581169128418,
    0.8484437465667725,
    0.008072853088378906,
    0.2124624252319336,
    0.007006168365478516,
    0.006965160369873047,
    0.05501055717468262,
    0.06599760055541992,
    0.06200075149536133,
    0.06300020217895508,
    0.06496477127075195,
    0.06699991226196289,
    0.06799960136413574,
    0.06900191307067871,
    0.06897830963134766,
    0.06900191307067871,
    0.07100224494934082,
    0.005003452301025391,
    0.007311582565307617,
    0.005004167556762695
  ],
  "endpoints": {
    "resources": 40,
    "ping": 3,
    "rate-limit-status": 4
  },
  "anomalous": false
}