{
  "user_id": "std_user_10",
  "user_type": "STD",
  "profile": "standard_light",
  "requests_sent": 31,
  "requests_succeeded": 31,
  "requests_failed": 0,
  "requests_rate_limited": 0,
  "response_times": [
    0.013621330261230469,
    0.020767927169799805,
    0.021770477294921875,
    0.12329435348510742,
    0.12430357933044434,
    0.6532502174377441,
    0.6532502174377441,
    0.3573002815246582,
    0.016007184982299805,
    0.10757327079772949,
    0.0023980140686035156,
    0.002002716064453125,
    0.002331972122192383,
    0.9915144443511963,
    0.39246368408203125,
    0.006003141403198242,
    0.003009796142578125,
    0.0030019283294677734,
    0.006628990173339844,
    0.002995729446411133,
    0.003299713134765625,
    0.0060002803802490234,
    0.008001327514648438,
    0.015004396438598633,
    0.01599740982055664,
    0.017000436782836914,
    0.017000436782836914,
    0.017000436782836914,
    0.0040018558502197266,
    0.003159761428833008,
    0.007001161575317383
  ],
  "endpoints": {
    "ping": 13,
    "resources": 16,
    "rate-limit-status": 2
  },
  "anomalous": false
}