{
  "user_id": "prm_user_0",
  "user_type": "PRM",
  "profile": "premium_light",
  "requests_sent": 75,
  "requests_succeeded": 75,
  "requests_failed": 0,
  "requests_rate_limited": 0,
  "response_times": [
    0.6529281139373779,
    0.06064796447753906,
    0.11355304718017578,
    0.06394290924072266,
    0.002981424331665039,
    0.0021932125091552734,
    0.003998756408691406,
    0.002993345260620117,
    0.013329744338989258,
    0.013329744338989258,
    0.013329744338989258,
    0.014340400695800781,
    0.014340400695800781,
    0.015475034713745117,
    0.015475034713745117,
    0.015475034713745117,
    0.015475034713745117,
    0.20384740829467773,
    1.2322371006011963,
    1.232234239578247,
    1.232234239578247,
    1.2332382202148438,
    1.432135820388794,
    1.432135820388794,
    2.2860660552978516,
    0.00400090217590332,
    0.003168821334838867,
    0.003000020980834961,
    0.003001689910888672,
    0.011914730072021484,
    0.010999441146850586,
    0.0149993896484375,
    0.01600050926208496,
    0.01600050926208496,
    0.017004966735839844,
    0.017004966735839844,
    0.005019426345825195,
    0.003002166748046875,
    0.003996372222900391,
    0.0029985904693603516,
    0.003006458282470703,
    0.0038361549377441406,
    0.015525579452514648,
    0.005106210708618164,
    0.0030024051666259766,
    0.0032634735107421875,
    0.006006002426147461,
    0.010995626449584961,
    0.015999317169189453,
    0.015999317169189453,
    0.016999483108520508,
    0.018000125885009766,
    0.018000125885009766,
    0.022467851638793945,
    0.0234682559967041,
    0.0234682559967041,
    0.024468183517456055,
    0.024468183517456055,
    0.025975465774536133,
    0.013013601303100586,
    0.023387908935546875,
    0.023387908935546875,
    0.024385452270507812,
    0.025873661041259766,
    0.026872873306274414,
    0.026872873306274414,
    0.026872873306274414,
    0.027873516082763672,
    0.0030128955841064453,
    0.00699615478515625,
    0.011002063751220703,
    0.01399993896484375,
    0.01399993896484375,
    0.014999628067016602,
    0.005819559097290039
  ],
  "endpoints": {
    "resources": 51,
    "ping": 19,
    "rate-limit-status": 5
  },
  "anomalous": false
}