{
  "requests_sent": 433,
  "requests_succeeded": 82,
  "requests_failed": 0,
  "requests_rate_limited": 351,
  "response_times": [
    0.11759519577026367,
    0.00400233268737793,
    0.003005504608154297,
    0.004004955291748047,
    0.004001617431640625,
    0.002998828887939453,
    0.003999233245849609,
    0.010001897811889648,
    0.003390073776245117,
    0.009179353713989258,
    0.003996610641479492,
    0.0035276412963867188,
    0.004002809524536133,
    0.002999544143676758,
    0.004004478454589844,
    0.0034101009368896484,
    0.0038497447967529297,
    0.010737180709838867,
    0.018073558807373047,
    0.01907825469970703,
    0.02106928825378418,
    0.02207207679748535,
    0.023070812225341797,
    0.02415180206298828,
    0.003522157669067383,
    0.10486268997192383,
    0.004004001617431641,
    0.00400233268737793,
    0.004003763198852539,
    0.004000663757324219,
    0.0035495758056640625,
    0.0033690929412841797,
    0.004002809524536133,
    0.002999544143676758,
    0.004001140594482422,
    0.004003047943115234,
    0.01114034652709961,
    0.27651000022888184,
    0.0030028820037841797,
    0.0033180713653564453,
    0.0036382675170898438,
    0.0038690567016601562,
    0.005998134613037109,
    0.009995460510253906,
    0.010996580123901367,
    0.010996580123901367,
    0.12060689926147461,
    0.0059964656829833984,
    0.0037474632263183594,
    0.009444475173950195,
    0.010445117950439453,
    0.011963605880737305,
    0.03423619270324707,
    0.03320193290710449,
    0.032199859619140625,
    0.03420424461364746,
    0.03420424461364746,
    0.03520393371582031,
    0.03520393371582031,
    0.03520393371582031,
    0.03620100021362305,
    0.03620100021362305,
    0.003991842269897461,
    0.0040056705474853516,
    0.003999233245849609,
    0.002998828887939453,
    0.003001689910888672,
    0.00400996208190918,
    0.004011392593383789,
    0.003228902816772461,
    0.0040018558502197266,
    0.07634139060974121,
    0.07634139060974121,
    0.07733631134033203,
    0.07733631134033203,
    0.07733631134033203,
    0.0783395767211914,
    0.0783395767211914,
    0.07933664321899414,
    0.07933664321899414,
    0.08033561706542969,
    0.08033561706542969,
    0.08577466011047363,
    0.2676661014556885,
    0.003002166748046875,
    0.003998756408691406,
    0.004006862640380859,
    0.004003286361694336,
    0.003475189208984375,
    0.004430532455444336,
    0.0041370391845703125,
    0.10860180854797363,
    0.003000020980834961,
    0.0029997825622558594,
    0.003641366958618164,
    0.010999679565429688,
    0.06079411506652832,
    0.0040018558502197266,
    0.004002571105957031,
    0.004481792449951172,
    0.0030007362365722656,
    0.0039975643157958984,
    0.10752487182617188,
    0.004003047943115234,
    0.0040018558502197266,
    0.00443720817565918,
    0.0039937496185302734,
    0.004056453704833984,
    0.0040018558502197266,
    0.0030012130737304688,
    0.0029997825622558594,
    0.003989696502685547,
    0.0070037841796875,
    0.004247903823852539,
    0.004004001617431641,
    0.012013435363769531,
    0.022536039352416992,
    0.022536039352416992,
    0.02405071258544922,
    0.03419232368469238,
    0.03419232368469238,
    0.03419232368469238,
    0.03319120407104492,
    0.03419232368469238,
    0.03419232368469238,
    0.003004789352416992,
    0.004002571105957031,
    0.003999471664428711,
    0.002998828887939453,
    0.004004240036010742,
    0.0034499168395996094,
    0.023461103439331055,
    0.024458646774291992,
    0.03865838050842285,
    0.0396573543548584,
    0.0396573543548584,
    0.04065585136413574,
    0.041666269302368164,
    0.041666269302368164,
    0.04266095161437988,
    0.04266095161437988,
    0.0436558723449707,
    0.0436558723449707,
    0.04671144485473633,
    0.04771900177001953,
    0.2768974304199219,
    0.004084587097167969,
    0.003336191177368164,
    0.0030014514923095703,
    0.27650904655456543,
    0.016294479370117188,
    0.016294479370117188,
    0.017293691635131836,
    0.016010284423828125,
    0.017293691635131836,
    0.028024911880493164,
    0.028014659881591797,
    0.02902364730834961,
    0.2738499641418457,
    0.2738499641418457,
    0.27383923530578613,
    0.03178977966308594,
    0.00416254997253418,
    0.004403352737426758,
    0.007999420166015625,
    0.01699662208557129,
    0.021999359130859375,
    0.02299666404724121,
    0.02299666404724121,
    0.02299666404724121,
    0.023004531860351562,
    0.02400064468383789,
    0.004021406173706055,
    0.004004240036010742,
    0.0040056705474853516,
    0.004003286361694336,
    0.003999471664428711,
    0.002999544143676758,
    0.00400233268737793,
    0.0110015869140625,
    0.022002458572387695,
    0.023003339767456055,
    0.03499889373779297,
    0.03600192070007324,
    0.0370023250579834,
    0.03799724578857422,
    0.03799724578857422,
    0.038994789123535156,
    0.03999471664428711,
    0.03999471664428711,
    0.04099440574645996,
    0.04099440574645996,
    0.018841981887817383,
    0.009179353713989258,
    0.0032944679260253906,
    0.003823518753051758,
    0.0037336349487304688,
    0.010009050369262695,
    0.0031211376190185547,
    0.004000425338745117,
    0.003999948501586914,
    0.0040056705474853516,
    0.01369476318359375,
    0.02821946144104004,
    0.02821946144104004,
    0.029223203659057617,
    0.030219078063964844,
    0.030219078063964844,
    0.031219005584716797,
    0.031219005584716797,
    0.032222747802734375,
    0.033220529556274414,
    0.033220529556274414,
    0.01200103759765625,
    0.02299785614013672,
    0.02299785614013672,
    0.023997068405151367,
    0.025002241134643555,
    0.025999069213867188,
    0.027001142501831055,
    0.027001142501831055,
    0.027995824813842773,
    0.004419565200805664,
    0.004002809524536133,
    0.012629508972167969,
    0.020629167556762695,
    0.02111053466796875,
    0.022104501724243164,
    0.033139944076538086,
    0.03413701057434082,
    0.03413701057434082,
    0.033521413803100586,
    0.03394317626953125,
    0.03394317626953125,
    0.03495049476623535,
    0.03659796714782715,
    0.006017446517944336,
    0.006145954132080078,
    0.004002571105957031,
    0.20455527305603027,
    0.004005908966064453,
    0.003003358840942383,
    0.010998249053955078,
    0.025998830795288086,
    0.024997472763061523,
    0.03299856185913086,
    0.033995628356933594,
    0.033995628356933594,
    0.03499603271484375,
    0.03499603271484375,
    0.03600049018859863,
    0.03799796104431152,
    0.03899645805358887,
    0.03899645805358887,
    0.040998220443725586,
    0.2646965980529785,
    0.0029997825622558594,
    0.002993345260620117,
    0.024179935455322266,
    0.025178194046020508,
    0.03319430351257324,
    0.03319430351257324,
    0.034193992614746094,
    0.034193992614746094,
    0.035195112228393555,
    0.035195112228393555,
    0.03719687461853027,
    0.037195444107055664,
    0.037195444107055664,
    0.03819084167480469,
    0.013006210327148438,
    0.028003692626953125,
    0.02900528907775879,
    0.02900528907775879,
    0.030001163482666016,
    0.031001806259155273,
    0.031001806259155273,
    0.03200268745422363,
    0.03200268745422363,
    0.03299903869628906,
    0.03299903869628906,
    0.005996227264404297,
    0.0029973983764648438,
    0.004002094268798828,
    0.002999544143676758,
    0.0030002593994140625,
    0.01300048828125,
    0.030017375946044922,
    0.03101348876953125,
    0.03201627731323242,
    0.03501248359680176,
    0.0360107421875,
    0.0360107421875,
    0.0370173454284668,
    0.0370173454284668,
    0.038019657135009766,
    0.03801369667053223,
    0.039014577865600586,
    0.03901386260986328,
    0.004000425338745117,
    0.003315448760986328,
    0.10443973541259766,
    0.006114959716796875,
    0.0029997825622558594,
    0.004040956497192383,
    0.0038328170776367188,
    0.011156082153320312,
