{
  "user_id": "std_user_1",
  "user_type": "STD",
  "profile": "standard_medium",
  "requests_sent": 61,
  "requests_succeeded": 3,
  "requests_failed": 0,
  "requests_rate_limited": 58,
  "response_times": [
    0.04599714279174805,
    0.003999948501586914,
    0.06204795837402344,
    0.020006418228149414,
    0.2763526439666748,
    0.683779239654541,
    0.01009058952331543,
    0.01621723175048828,
    0.017214536666870117,
    0.017214536666870117,
    0.01821446418762207,
    0.01821446418762207,
    0.004000425338745117,
    0.002994537353515625,
    0.004991769790649414,
    0.004002094268798828,
    0.0040090084075927734,
    0.029539108276367188,
    0.0051686763763427734,
    0.00400543212890625,
    0.004019498825073242,
    0.003373384475708008,
    0.10458612442016602,
    0.004003047943115234,
    0.003998279571533203,
    0.00405430793762207,
    0.013174057006835938,
    0.02217721939086914,
    0.02217721939086914,
    0.031187057495117188,
    0.031187057495117188,
    0.031187057495117188,
    0.032187700271606445,
    0.032173871994018555,
    0.03318667411804199,
    0.03418564796447754,
    0.0331728458404541,
    0.00761103630065918,
    0.10766887664794922,
    0.003000497817993164,
    0.003008127212524414,
    0.0040018558502197266,
    0.005004167556762695,
    0.006153106689453125,
    0.0033445358276367188,
    0.004003286361694336,
    0.003997087478637695,
    0.04005718231201172,
    0.01242518424987793,
    0.018431425094604492,
    0.018431425094604492,
    0.05497264862060547,
    0.05497264862060547,
    0.05596923828125,
    0.05697369575500488,
    0.05697369575500488,
    0.05695939064025879,
    0.05695939064025879,
    0.05795764923095703,
    0.05900382995605469,
    0.0030694007873535156
  ],
  "endpoints": {
    "resources": 48,
    "ping": 11,
    "rate-limit-status": 2
  },
  "anomalous": false
}