{
  "user_id": "std_user_0",
  "user_type": "STD",
  "profile": "standard_medium",
  "requests_sent": 54,
  "requests_succeeded": 54,
  "requests_failed": 0,
  "requests_rate_limited": 0,
  "response_times": [
    0.27022528648376465,
    0.0010986328125,
    0.0012087821960449219,
    0.0012481212615966797,
    0.013015985488891602,
    0.0010061264038085938,
    0.003002643585205078,
    0.004000186920166016,
    0.004000186920166016,
    0.003998279571533203,
    0.003998279571533203,
    0.0049970149993896484,
    0.0,
    0.0020220279693603516,
    0.0010035037994384766,
    0.0020034313201904297,
    0.0010008811950683594,
    0.001068115234375,
    0.0010037422180175781,
    0.010324716567993164,
    0.010324716567993164,
    0.011328935623168945,
    0.010334014892578125,
    0.010334014892578125,
    0.011332988739013672,
    0.011332988739013672,
    0.011332988739013672,
    0.01234745979309082,
    0.011350154876708984,
    0.001024007797241211,
    0.002532482147216797,
    0.0020012855529785156,
    0.00101470947265625,
    0.0011525154113769531,
    0.002675771713256836,
    0.0026154518127441406,
    0.0026154518127441406,
    0.0036590099334716797,
    0.0036590099334716797,
    0.003126859664916992,
    0.003126859664916992,
    0.0036516189575195312,
    0.004172086715698242,
    0.0030176639556884766,
    0.002015829086303711,
    0.002015829086303711,
    0.0034530162811279297,
    0.0034530162811279297,
    0.0034530162811279297,
    0.0034530162811279297,
    0.0034530162811279297,
    0.004464864730834961,
    0.004464864730834961,
    0.0011341571807861328
  ],
  "endpoints": {
    "resources": 41,
    "ping": 13
  },
  "anomalous": false
}