{
  "user_id": "std_user_8",
  "user_type": "STD",
  "profile": "standard_light",
  "requests_sent": 29,
  "requests_succeeded": 29,
  "requests_failed": 0,
  "requests_rate_limited": 0,
  "response_times": [
    0.06409382820129395,
    0.003101825714111328,
    0.6919512748718262,
    0.059478044509887695,
    0.2241363525390625,
    0.013365745544433594,
    0.017360687255859375,
    0.019359350204467773,
    0.019359350204467773,
    0.01936793327331543,
    0.020360708236694336,
    0.00900125503540039,
    0.00799870491027832,
    0.008998394012451172,
    0.0030031204223632812,
    0.004305362701416016,
    0.00244140625,
    0.00200653076171875,
    0.00799703598022461,
    0.00799703598022461,
    0.00799703598022461,
    0.008997440338134766,
    0.008997440338134766,
    0.003000497817993164,
    0.0030002593994140625,
    0.0020134449005126953,
    0.0027017593383789062,
    0.00400090217590332,
    0.0060045719146728516
  ],
  "endpoints": {
    "resources": 24,
    "ping": 4,
    "rate-limit-status": 1
  },
  "anomalous": false
}