{
  "user_id": "std_user_8",
  "user_type": "STD",
  "profile": "standard_light",
  "requests_sent": 40,
  "requests_succeeded": 40,
  "requests_failed": 0,
  "requests_rate_limited": 0,
  "response_times": [
    2.355515480041504,
    0.48240232467651367,
    0.9858357906341553,
    3.3596549034118652,
    0.9382443428039551,
    0.5391194820404053,
    0.6145176887512207,
    0.05600309371948242,
    0.10515499114990234,
    0.1051638126373291,
    0.006047964096069336,
    0.006073713302612305,
    0.0030019283294677734,
    0.13501238822937012,
    0.13601422309875488,
    0.13701748847961426,
    0.138016939163208,
    0.13901448249816895,
    0.13901042938232422,
    0.1495373249053955,
    0.003252267837524414,
    0.015809059143066406,
    0.005995035171508789,
    0.10293412208557129,
    0.006008148193359375,
    0.021848440170288086,
    0.021848440170288086,
    0.021847248077392578,
    0.021847248077392578,
    0.023848295211791992,
    0.022844791412353516,
    0.02484750747680664,
    0.1086728572845459,
    0.004001140594482422,
    0.009604215621948242,
    0.0037119388580322266,
    0.0023345947265625,
    0.0032372474670410156,
    0.007447004318237305,
    0.007097005844116211
  ],
  "endpoints": {
    "ping": 14,
    "resources": 23,
    "rate-limit-status": 3
  },
  "anomalous": false
}