{
  "user_id": "std_user_3",
  "user_type": "STD",
  "profile": "standard_medium",
  "requests_sent": 40,
  "requests_succeeded": 21,
  "requests_failed": 0,
  "requests_rate_limited": 19,
  "response_times": [
    0.28575778007507324,
    0.0071446895599365234,
    0.0030922889709472656,
    0.008186817169189453,
    0.0029773712158203125,
    0.003426074981689453,
    0.0032813549041748047,
    0.0044100284576416016,
    0.0042917728424072266,
    0.003998994827270508,
    0.049579620361328125,
    0.003999471664428711,
    0.0032138824462890625,
    0.027874231338500977,
    0.028876543045043945,
    0.031131267547607422,
    0.031133651733398438,
    0.03212547302246094,
    0.03212547302246094,
    0.0331273078918457,
    0.0331273078918457,
    0.004068851470947266,
    0.00793766975402832,
    0.01140904426574707,
    0.02249288558959961,
    0.021036863327026367,
    0.02227950096130371,
    0.023505449295043945,
    0.023505449295043945,
    0.0039806365966796875,
    0.0034856796264648438,
    0.006023406982421875,
    0.003019094467163086,
    0.0033638477325439453,
    0.0040454864501953125,
    0.0026373863220214844,
    0.0051729679107666016,
    0.003724336624145508,
    0.0034537315368652344,
    0.0031948089599609375
  ],
  "endpoints": {
    "resources": 27,
    "rate-limit-status": 2,
    "ping": 11
  },
  "anomalous": false
}