{
  "user_id": "std_user_0",
  "user_type": "STD",
  "profile": "standard_medium",
  "requests_sent": 52,
  "requests_succeeded": 52,
  "requests_failed": 0,
  "requests_rate_limited": 0,
  "response_times": [
    0.3022019863128662,
    0.015171527862548828,
    0.012480020523071289,
    0.02613997459411621,
    0.02613997459411621,
    0.04098701477050781,
    0.04198718070983887,
    0.04198718070983887,
    0.04298686981201172,
    0.04383420944213867,
    0.04383420944213867,
    0.04483294486999512,
    0.04483294486999512,
    0.0460362434387207,
    0.0060002803802490234,
    0.059037208557128906,
    0.004128694534301758,
    0.0049631595611572266,
    0.008985757827758789,
    0.005489349365234375,
    0.0043027400970458984,
    0.0033876895904541016,
    0.005000591278076172,
    0.003000020980834961,
    0.003990650177001953,
    0.004973411560058594,
    0.004013776779174805,
    0.004340410232543945,
    0.012173652648925781,
    0.018836021423339844,
    0.018836021423339844,
    0.03080272674560547,
    0.03080272674560547,
    0.031816959381103516,
    0.0318145751953125,
    0.0318145751953125,
    0.03281521797180176,
    0.005319118499755859,
    0.04873299598693848,
    0.0050907135009765625,
    0.006181001663208008,
    0.0035619735717773438,
    0.003361225128173828,
    0.12339258193969727,
    0.0031890869140625,
    0.004009723663330078,
    0.0036649703979492188,
    0.004002571105957031,
    0.00501704216003418,
    0.004988908767700195,
    0.003253936767578125,
    0.009999275207519531
  ],
  "endpoints": {
    "resources": 43,
    "ping": 7,
    "rate-limit-status": 2
  },
  "anomalous": false
}