{
  "user_id": "prm_user_0",
  "user_type": "PRM",
  "profile": "premium_light",
  "requests_sent": 49,
  "requests_succeeded": 49,
  "requests_failed": 0,
  "requests_rate_limited": 0,
  "response_times": [
    0.32134437561035156,
    0.007189512252807617,
    0.003130674362182617,
    0.003672361373901367,
    0.0030715465545654297,
    0.0029993057250976562,
    0.0034568309783935547,
    0.0173799991607666,
    0.003110647201538086,
    0.004002809524536133,
    0.00400090217590332,
    0.002702951431274414,
    0.0022172927856445312,
    0.002449512481689453,
    0.003046274185180664,
    0.004002571105957031,
    0.002464771270751953,
    0.0022962093353271484,
    0.011419296264648438,
    0.010363340377807617,
    0.014858007431030273,
    0.014858007431030273,
    0.014858007431030273,
    0.014858007431030273,
    0.015453815460205078,
    0.015453815460205078,
    0.015453815460205078,
    0.003488779067993164,
    0.0030586719512939453,
    0.003002166748046875,
    0.01199960708618164,
    0.019999980926513672,
    0.021001338958740234,
    0.021001338958740234,
    0.022002696990966797,
    0.02299952507019043,
    0.02299952507019043,
    0.02299952507019043,
    0.023998260498046875,
    0.0030035972595214844,
    0.004001140594482422,
    0.01200103759765625,
    0.014998912811279297,
    0.01600170135498047,
    0.01600170135498047,
    0.01600170135498047,
    0.017000436782836914,
    0.017000436782836914,
    0.003998517990112305
  ],
  "endpoints": {
    "resources": 43,
    "ping": 4,
    "rate-limit-status": 2
  },
  "anomalous": false
}