{
  "user_id": "std_user_6",
  "user_type": "STD",
  "profile": "standard_light",
  "requests_sent": 34,
  "requests_succeeded": 34,
  "requests_failed": 0,
  "requests_rate_limited": 0,
  "response_times": [
    0.06088066101074219,
    0.003227710723876953,
    0.5796384811401367,
    0.7839701175689697,
    0.004073381423950195,
    0.0071299076080322266,
    0.06388497352600098,
    0.006029367446899414,
    0.003071308135986328,
    0.002001047134399414,
    0.0023102760314941406,
    0.18681740760803223,
    0.0020148754119873047,
    0.0033643245697021484,
    0.002130270004272461,
    0.006048917770385742,
    0.008301258087158203,
    0.008301258087158203,
    0.007294416427612305,
    0.002320528030395508,
    0.003002643585205078,
    0.003021717071533203,
    0.002003192901611328,
    0.003047943115234375,
    0.00400090217590332,
    0.0030002593994140625,
    0.003000020980834961,
    0.002000093460083008,
    0.0020003318786621094,
    0.005003929138183594,
    0.0030012130737304688,
    0.0032498836517333984,
    0.004313945770263672,
    0.002410888671875
  ],
  "endpoints": {
    "ping": 11,
    "resources": 19,
    "rate-limit-status": 4
  },
  "anomalous": false
}