{
  "user_id": "std_user_4",
  "user_type": "STD",
  "profile": "standard_light",
  "requests_sent": 22,
  "requests_succeeded": 9,
  "requests_failed": 0,
  "requests_rate_limited": 13,
  "response_times": [
    0.2775111198425293,
    0.02701115608215332,
    0.004000663757324219,
    0.004178524017333984,
    0.0041315555572509766,
    0.015752315521240234,
    0.016790390014648438,
    0.018776893615722656,
    0.020792007446289062,
    0.020770788192749023,
    0.023296833038330078,
    0.022935867309570312,
    0.022469043731689453,
    0.0040683746337890625,
    0.0050048828125,
    0.003987550735473633,
    0.004000186920166016,
    0.003001689910888672,
    0.003999948501586914,
    0.003997802734375,
    0.0030012130737304688,
    0.003000974655151367
  ],
  "endpoints": {
    "resources": 14,
    "ping": 6,
    "rate-limit-status": 2
  },
  "anomalous": false
}